fourletter_code,english_name,scientific_name
ABTO,Abert's Towhee,Melozone aberti
ACFL,Acadian Flycatcher,Empidonax virescens
ACWO,Acorn Woodpecker,Melanerpes formicivorus
ADWA,Adelaide's Warbler,Setophaga adelaidae
AFCD,African Collared-Dove,Streptopelia roseogrisea
AFSI,African Silverbill,Euodice cantans
AGHE,Agami Heron,Agamia agami
AISP,Ainley's Storm-Petrel,Hydrobates cheimomnestes
AKEK,Akekee,Loxops caeruleirostris
AKIA,Akiapolaau,Hemignathus wilsoni
AKIK,Akikiki,Oreomystis bairdi
AKOH,Akohekohe,Palmeria dolei
ALFL,Alder Flycatcher,Empidonax alnorum
ALTE,Aleutian Tern,Onychoprion aleuticus
ALHU,Allen's Hummingbird,Selasphorus sasin
ALSW,Alpine Swift,Apus melba
ALOR,Altamira Oriole,Icterus gularis
ALYE,Altamira Yellowthroat,Geothlypis flavovelata
AMAU,Amaui,Myadestes woahensis
AMKI,Amazon Kingfisher,Chloroceryle amazona
AMAV,American Avocet,Recurvirostra americana
AMBI,American Bittern,Botaurus lentiginosus
ABDU,American Black Duck,Anas rubripes
AMCO,American Coot,Fulica americana
AMCR,American Crow,Corvus brachyrhynchos
AMDI,American Dipper,Cinclus mexicanus
AMFL,American Flamingo,Phoenicopterus ruber
AMGP,American Golden-Plover,Pluvialis dominica
AMGO,American Goldfinch,Spinus tristis
AMKE,American Kestrel,Falco sparverius
AMOY,American Oystercatcher,Haematopus palliatus
AMPI,American Pipit,Anthus rubescens
APKI,American Pygmy Kingfisher,Chloroceryle aenea
AMRE,American Redstart,Setophaga ruticilla
AMRO,American Robin,Turdus migratorius
ATTW,American Three-toed Woodpecker,Picoides dorsalis
ATSP,American Tree Sparrow,Spizelloides arborea
AWPE,American White Pelican,Pelecanus erythrorhynchos
AMWI,American Wigeon,Mareca americana
AMWO,American Woodcock,Scolopax minor
ATMG,Amethyst-throated Mountain-gem,Lampornis amethystinus
ANMU,Ancient Murrelet,Synthliboramphus antiquus
ANHI,Anhinga,Anhinga anhinga
ANIA,Anianiau,Magumma parva
ANHU,Anna's Hummingbird,Calypte anna
ANCH,Antillean Crested Hummingbird,Orthorhyncus cristatus
ANEU,Antillean Euphonia,Euphonia musica
ANMA,Antillean Mango,Anthracothorax dominicus
ANNI,Antillean Nighthawk,Chordeiles gundlachii
ANPS,Antillean Palm-Swift,Tachornis phoenicobia
ANPI,Antillean Piculet,Nesoctites micromegas
ANSI,Antillean Siskin,Spinus dominicensis
APAP,Apapane,Himatione sanguinea
APFA,Aplomado Falcon,Falco femoralis
ARLO,Arctic Loon,Gavia arctica
ARTE,Arctic Tern,Sterna paradisaea
ARWA,Arctic Warbler,Phylloscopus borealis
ARWO,Arizona Woodpecker,Dryobates arizonae
ARRW,Arrowhead Warbler,Setophaga pharetra
ATFL,Ash-throated Flycatcher,Myiarchus cinerascens
ASSP,Ashy Storm-Petrel,Hydrobates homochroa
AFOW,Ashy-faced Owl,Tyto glaucops
ATCH,Ashy-throated Chlorospingus,Chlorospingus canigularis
ABFL,Asian Brown Flycatcher,Muscicapa dauurica
ASRF,Asian Rosy-Finch,Leucosticte arctoa
ATGR,Atitlan Grebe,Podilymbus gigas
ATPU,Atlantic Puffin,Fratercula arctica
AUOR,Audubon's Oriole,Icterus graduacauda
AUSH,Audubon's Shearwater,Puffinus lherminieri
AZRA,Aztec Rail,Rallus tenuirostris
AZTH,Aztec Thrush,Ridgwayia pinicola
AZGA,Azure Gallinule,Porphyrio flavirostris
AZCH,Azure-crowned Hummingbird,Amazilia cyanocephala
AHJA,Azure-hooded Jay,Cyanolyca cucullata
ARTA,Azure-rumped Tanager,Poecilostreptus cabanisi
BACS,Bachman's Sparrow,Peucaea aestivalis
BAWA,Bachman's Warbler,Vermivora bachmanii
BAMO,Bahama Mockingbird,Mimus gundlachii
BAHO,Bahama Oriole,Icterus northropi
BAHS,Bahama Swallow,Tachycineta cyaneoviridis
BAHW,Bahama Warbler,Setophaga flavescens
BAWO,Bahama Woodstar,Nesophlox evelynae
BAYE,Bahama Yellowthroat,Geothlypis rostrata
BATE,Baikal Teal,Sibirionetta formosa
BAJU,Baird's Junco,Junco bairdi
BASA,Baird's Sandpiper,Calidris bairdii
BAIS,Baird's Sparrow,Centronyx bairdii
BATR,Baird's Trogon,Trogon bairdii
BAEA,Bald Eagle,Haliaeetus leucocephalus
BASO,Balsas Screech-Owl,Megascops seductus
BAOR,Baltimore Oriole,Icterus galbula
BANA,Bananaquit,Coereba flaveola
BABW,Band-backed Wren,Campylorhynchus zonatus
BSTP,Band-rumped Storm-Petrel,Hydrobates castro
BRSW,Band-rumped Swift,Chaetura spinicaudus
BTBA,Band-tailed Barbthroat,Threnetes ruckeri
BTPI,Band-tailed Pigeon,Patagioenas fasciata
BAQU,Banded Quail,Philortyx fasciatus
BANW,Banded Wren,Thryophilus pleurostictus
BANS,Bank Swallow,Riparia riparia
BTGO,Bar-tailed Godwit,Limosa lapponica
BWOR,Bar-winged Oriole,Icterus maculialatus
BABU,Barbados Bullfinch,Loxigilla barbadensis
BARW,Barbuda Warbler,Setophaga subita
BACA,Bare-crowned Antbird,Gymnocichla nudiceps
BLOW,Bare-legged Owl,Margarobyas lawrencii
BNUM,Bare-necked Umbrellabird,Cephalopterus glabricollis
BSSO,Bare-shanked Screech-Owl,Megascops clarkii
BTTH,Bare-throated Tiger-Heron,Tigrisoma mexicanum
BANO,Barn Owl,Tyto alba
BARS,Barn Swallow,Hirundo rustica
BARG,Barnacle Goose,Branta leucopsis
BASH,Barolo Shearwater,Puffinus baroli
BAAN,Barred Antshrike,Thamnophilus doliatus
BABE,Barred Becard,Pachyramphus versicolor
BAFF,Barred Forest-Falcon,Micrastur ruficollis
BAHA,Barred Hawk,Morphnarchus princeps
BADO,Barred Owl,Strix varia
BAPA,Barred Parakeet,Bolborhynchus lineola
BAPU,Barred Puffbird,Nystalus radiatus
BAGO,Barrow's Goldeneye,Bucephala islandica
BAFA,Bat Falcon,Falco rufigularis
BAYW,Bay Wren,Cantorchilus nigricapillus
BBRC,Bay-breasted Cuckoo,Coccyzus rufigularis
BBWA,Bay-breasted Warbler,Setophaga castanea
BHTA,Bay-headed Tanager,Tangara gyrola
BESO,Bearded Screech-Owl,Megascops barbarus
BEWP,Bearded Wood-Partridge,Dendrortyx barbatus
BEAH,Beautiful Hummingbird,Calothorax pulcher
BETR,Beautiful Treerunner,Margarornis bellulus
BEEH,Bee Hummingbird,Mellisuga helenae
BEGU,Belcher's Gull,Larus belcheri
BEYE,Belding's Yellowthroat,Geothlypis beldingi
BESP,Bell's Sparrow,Artemisiospiza belli
BEVI,Bell's Vireo,Vireo bellii
BEFL,Belted Flycatcher,Xenotriccus callizonus
BEKI,Belted Kingfisher,Megaceryle alcyon
BETH,Bendire's Thrasher,Toxostoma bendirei
BEPE,Bermuda Petrel,Pterodroma cahow
BEHU,Berylline Hummingbird,Amazilia beryllina
BEWR,Bewick's Wren,Thryomanes bewickii
BITH,Bicknell's Thrush,Catharus bicknelli
BIAN,Bicolored Antbird,Gymnopithys bicolor
BIHA,Bicolored Hawk,Accipiter bicolor
BIWR,Bicolored Wren,Campylorhynchus griseus
BIOO,Bishop's Oo,Moho bishopi
BLAN,Black Antshrike,Thamnophilus nigriceps
BLCA,Black Catbird,Melanoptila glabrirostris
BLFR,Black Francolin,Francolinus francolinus
BLAG,Black Guan,Chamaepetes unicolor
BLGU,Black Guillemot,Cepphus grylle
BLHE,Black Hawk-Eagle,Spizaetus tyrannus
BLAK,Black Kite,Milvus migrans
BLMA,Black Mamo,Drepanis funerea
BLNO,Black Noddy,Anous minutus
BLOR,Black Oropendola,Psarocolius guatimozinus
BLOY,Black Oystercatcher,Haematopus bachmani
BLPH,Black Phoebe,Sayornis nigricans
BLRA,Black Rail,Laterallus jamaicensis
BLRF,Black Rosy-Finch,Leucosticte atrata
BLSC,Black Scoter,Melanitta americana
BLSK,Black Skimmer,Rynchops niger
BLSP,Black Storm-Petrel,Hydrobates melania
BLSW,Black Swift,Cypseloides niger
BLTE,Black Tern,Chlidonias niger
BLTH,Black Thrush,Turdus infuscatus
BLTU,Black Turnstone,Arenaria melanocephala
BLVU,Black Vulture,Coragyps atratus
BAWB,Black-and-white Becard,Pachyramphus albogriseus
BAWH,Black-and-white Hawk-Eagle,Spizaetus melanoleucus
BLWO,Black-and-white Owl,Ciccaba nigrolineata
BAWW,Black-and-white Warbler,Mniotilta varia
BAYS,Black-and-yellow Silky-flycatcher,Phainoptila melanoxantha
BAYT,Black-and-yellow Tanager,Chrysothlypis chrysomelas
BBOR,Black-backed Oriole,Icterus abeillei
BBWO,Black-backed Woodpecker,Picoides arcticus
BBNW,Black-banded Woodcreeper,Dendrocolaptes picumnus
BLBH,Black-bellied Hummingbird,Eupherusa nigriventris
BBPL,Black-bellied Plover,Pluvialis squatarola
BBSP,Black-bellied Storm-Petrel,Fregetta tropica
BBWD,Black-bellied Whistling-Duck,Dendrocygna autumnalis
BBEW,Black-bellied Wren,Pheugopedius fasciatoventris
BBCU,Black-billed Cuckoo,Coccyzus erythropthalmus
BLBF,Black-billed Flycatcher,Aphanotriccus audax
BBMA,Black-billed Magpie,Pica hudsonia
BBNT,Black-billed Nightingale-Thrush,Catharus gracilirostris
BBPA,Black-billed Parrot,Amazona agilis
BBPU,Black-breasted Puffbird,Notharchus pectoralis
BBWQ,Black-breasted Wood-Quail,Odontophorus leucolaemus
BBAL,Black-browed Albatross,Thalassarche melanophris
BCCH,Black-capped Chickadee,Poecile atricapillus
BCDO,Black-capped Donacobius,Donacobius atricapilla
BCAF,Black-capped Flycatcher,Empidonax atriceps
BCGN,Black-capped Gnatcatcher,Polioptila nigriceps
BCPE,Black-capped Petrel,Pterodroma hasitata
BPYT,Black-capped Pygmy-Tyrant,Myiornis atricapillus
BCSI,Black-capped Siskin,Spinus atriceps
BCSW,Black-capped Swallow,Atticora pileata
BCVI,Black-capped Vireo,Vireo atricapilla
BCAT,Black-cheeked Ant-Tanager,Habia atrimaxillaris
BCWA,Black-cheeked Warbler,Basileuterus melanogenys
BCWO,Black-cheeked Woodpecker,Melanerpes pucherani
BCHJ,Black-chested Jay,Cyanocorax affinis
BCHS,Black-chested Sparrow,Peucaea humeralis
BCHU,Black-chinned Hummingbird,Archilochus alexandri
BCSP,Black-chinned Sparrow,Spizella atrogularis
BCHA,Black-collared Hawk,Busarellus nigricollis
BCOR,Black-cowled Oriole,Icterus prosthemelas
BCCO,Black-crested Coquette,Lophornis helenae
BCTI,Black-crested Titmouse,Baeolophus atricristatus
BCAP,Black-crowned Antpitta,Pittasoma michleri
BCAS,Black-crowned Antshrike,Thamnophilus atrinucha
BCNH,Black-crowned Night-Heron,Nycticorax nycticorax
BPLT,Black-crowned Palm-Tanager,Phaenicophilus palmarum
BCRT,Black-crowned Tityra,Tityra inquisitor
BEWQ,Black-eared Wood-Quail,Odontophorus melanotis
BFAN,Black-faced Antthrush,Formicarius analis
BFGR,Black-faced Grassquit,Melanospiza bicolor
BFAG,Black-faced Grosbeak,Caryothraustes poliogaster
BFSO,Black-faced Solitaire,Myadestes melanops
BFAL,Black-footed Albatross,Phoebastria nigripes
BHEA,Black-headed Antthrush,Formicarius nigricapillus
BHBR,Black-headed Brushfinch,Arremon atricapillus
BHGR,Black-headed Grosbeak,Pheucticus melanocephalus
BHGU,Black-headed Gull,Chroicocephalus ridibundus
BHNT,Black-headed Nightingale-Thrush,Catharus mexicanus
BHSA,Black-headed Saltator,Saltator atriceps
BHSI,Black-headed Siskin,Spinus notatus
BHTF,Black-headed Tody-Flycatcher,Todirostrum nigriceps
BHTR,Black-headed Trogon,Trogon melanocephalus
BHOA,Black-hooded Antshrike,Thamnophilus bridgesi
BLKI,Black-legged Kittiwake,Rissa tridactyla
BNST,Black-necked Stilt,Himantopus mexicanus
BPYE,Black-polled Yellowthroat,Geothlypis speciosa
BRUW,Black-rumped Waxbill,Estrilda troglodytes
BSTS,Black-striped Sparrow,Arremonops conirostris
BSWO,Black-striped Woodcreeper,Xiphorhynchus lachrymosus
BTFL,Black-tailed Flycatcher,Myiobius atricaudus
BTGN,Black-tailed Gnatcatcher,Polioptila melanura
BLTG,Black-tailed Godwit,Limosa limosa
BTGU,Black-tailed Gull,Larus crassirostris
BTAT,Black-tailed Trogon,Trogon melanurus
BTGG,Black-thighed Grosbeak,Pheucticus tibialis
BTBW,Black-throated Blue Warbler,Setophaga caerulescens
BTBO,Black-throated Bobwhite,Colinus nigrogularis
BTYW,Black-throated Gray Warbler,Setophaga nigrescens
BTNW,Black-throated Green Warbler,Setophaga virens
BTJA,Black-throated Jay,Cyanolyca pumilo
BTMJ,Black-throated Magpie-Jay,Calocitta colliei
BTMA,Black-throated Mango,Anthracothorax nigricollis
BTST,Black-throated Shrike-Tanager,Lanio aurantius
BTSP,Black-throated Sparrow,Amphispiza bilineata
BTHT,Black-throated Trogon,Trogon rufus
BTWR,Black-throated Wren,Pheugopedius atrogularis
BTCO,Black-tipped Cotinga,Carpodectes hopkei
BVOR,Black-vented Oriole,Icterus wagleri
BVSH,Black-vented Shearwater,Puffinus opisthomelas
BWVI,Black-whiskered Vireo,Vireo altiloquus
BWPE,Black-winged Petrel,Pterodroma nigripennis
BWST,Black-winged Stilt,Himantopus himantopus
BLBW,Blackburnian Warbler,Setophaga fusca
BLPW,Blackpoll Warbler,Setophaga striata
BLBU,Blue Bunting,Cyanocompsa parellina
BLCO,Blue Cotinga,Cotinga nattererii
BLDA,Blue Dacnis,Dacnis cayana
BLGR,Blue Grosbeak,Passerina caerulea
BGDO,Blue Ground Dove,Claravis pretiosa
BLJA,Blue Jay,Cyanocitta cristata
BLMO,Blue Mockingbird,Melanotis caerulescens
BMVI,Blue Mountain Vireo,Vireo osburni
BLSE,Blue Seedeater,Amaurospiza concolor
BAGT,Blue-and-gold Tanager,Bangsia arcaei
BAWM,Blue-and-white Mockingbird,Melanotis hypoleucus
BAWS,Blue-and-white Swallow,Pygochelidon cyanoleuca
BAYM,Blue-and-yellow Macaw,Ara ararauna
BGRA,Blue-black Grassquit,Volatinia jacarina
BGRO,Blue-black Grosbeak,Cyanoloxia cyanoides
BCAH,Blue-capped Hummingbird,Eupherusa cyanophrys
BCMO,Blue-capped Motmot,Momotus coeruliceps
BCHH,Blue-chested Hummingbird,Amazilia amabilis
BCRC,Blue-crowned Chlorophonia,Chlorophonia occipitalis
BCRM,Blue-crowned Manakin,Lepidothrix coronata
BFBO,Blue-footed Booby,Sula nebouxii
BFPA,Blue-fronted Parrotlet,Touit dilectissimus
BGGN,Blue-gray Gnatcatcher,Polioptila caerulea
BGNO,Blue-gray Noddy,Anous ceruleus
BGTA,Blue-gray Tanager,Thraupis episcopus
BHHU,Blue-headed Hummingbird,Cyanophaia bicolor
BHEP,Blue-headed Parrot,Pionus menstruus
BHQD,Blue-headed Quail-Dove,Starnoenas cyanocephala
BHVI,Blue-headed Vireo,Vireo solitarius
BTAH,Blue-tailed Hummingbird,Amazilia cyanura
BTRG,Blue-throated Goldentail,Hylocharis eliciae
BTMO,Blue-throated Motmot,Aspatha gularis
BTMG,Blue-throated Mountain-gem,Lampornis clemenciae
BVHU,Blue-vented Hummingbird,Amazilia hoffmanni
BWTE,Blue-winged Teal,Spatula discors
BWWA,Blue-winged Warbler,Vermivora cyanoptera
BLUE,Bluethroat,Cyanecula svecica
BREW,Blyth's Reed Warbler,Acrocephalus dumetorum
BOBF,Boat-billed Flycatcher,Megarynchus pitangua
BBHE,Boat-billed Heron,Cochlearius cochlearius
BTGR,Boat-tailed Grackle,Quiscalus major
BOBO,Bobolink,Dolichonyx oryzivorus
BOWA,Bohemian Waxwing,Bombycilla garrulus
BOGU,Bonaparte's Gull,Chroicocephalus philadelphia
BOPE,Bonin Petrel,Pterodroma hypoleuca
BOCH,Boreal Chickadee,Poecile hudsonicus
BOOW,Boreal Owl,Aegolius funereus
BOSP,Botteri's Sparrow,Peucaea botterii
BOWR,Boucard's Wren,Campylorhynchus jocosus
BREM,Brace's Emerald,Chlorostilbon bracei
BRAM,Brambling,Fringilla montifringilla
BCOF,Bran-colored Flycatcher,Myiophobus fasciatus
BRAC,Brandt's Cormorant,Phalacrocorax penicillatus
BRAN,Brant,Branta bernicla
BRBL,Brewer's Blackbird,Euphagus cyanocephalus
BRSP,Brewer's Sparrow,Spizella breweri
BRQD,Bridled Quail-Dove,Geotrygon mystacea
BRIS,Bridled Sparrow,Peucaea mystacalis
BRTE,Bridled Tern,Onychoprion anaethetus
BRTI,Bridled Titmouse,Baeolophus wollweberi
BRAT,Bright-rumped Attila,Attila spadiceus
BTCU,Bristle-thighed Curlew,Numenius tahitiensis
BBIH,Broad-billed Hummingbird,Cynanthus latirostris
BBMO,Broad-billed Motmot,Electron platyrhynchum
BBIS,Broad-billed Sandpiper,Calidris falcinellus
BBTO,Broad-billed Tody,Todus subulatus
BTHU,Broad-tailed Hummingbird,Selasphorus platycercus
BWHA,Broad-winged Hawk,Buteo platypterus
BRMA,Bronze Mannikin,Spermestes cucullata
BOPT,Bronze-olive Pygmy-Tyrant,Pseudotriccus pelzelni
BTPL,Bronze-tailed Plumeleteer,Chalybura urochrysia
BROC,Bronzed Cowbird,Molothrus aeneus
BRHE,Bronzy Hermit,Glaucis aeneus
BRBO,Brown Booby,Sula leucogaster
BRCR,Brown Creeper,Certhia americana
BRJA,Brown Jay,Psilorhinus morio
BRNO,Brown Noddy,Anous stolidus
BRPE,Brown Pelican,Pelecanus occidentalis
BROS,Brown Shrike,Lanius cristatus
BRTH,Brown Thrasher,Toxostoma rufum
BRTR,Brown Trembler,Cinclocerthia ruficauda
BRVI,Brown Violetear,Colibri delphinae
BBSO,Brown-backed Solitaire,Myadestes occidentalis
BBSC,Brown-billed Scythebill,Campylorhamphus pusillus
BCRF,Brown-capped Rosy-Finch,Leucosticte australis
BCTY,Brown-capped Tyrannulet,Ornithion brunneicapillus
BCAV,Brown-capped Vireo,Vireo leucophrys
BCMA,Brown-chested Martin,Progne tapera
BCFL,Brown-crested Flycatcher,Myiarchus tyrannulus
BHCO,Brown-headed Cowbird,Molothrus ater
BHNU,Brown-headed Nuthatch,Sitta pusilla
BHOP,Brown-hooded Parrot,Pyrilia haematotis
BTPA,Brown-throated Parakeet,Eupsittula pertinax
BRTW,Brownish Twistwing,Cnipodectes subbrunneus
BRYS,Bryan's Shearwater,Puffinus bryani
BBEH,Buff-bellied Hummingbird,Amazilia yucatanensis
BBFL,Buff-breasted Flycatcher,Empidonax fulvifrons
BBSA,Buff-breasted Sandpiper,Calidris subruficollis
BBRW,Buff-breasted Wren,Cantorchilus leucotis
BCNI,Buff-collared Nightjar,Antrostomus ridgwayi
BFFG,Buff-fronted Foliage-gleaner,Philydor rufum
BFQD,Buff-fronted Quail-Dove,Zentrygon costaricensis
BNIB,Buff-necked Ibis,Theristicus caudatus
BURW,Buff-rumped Warbler,Myiothlypis fulvicauda
BTFG,Buff-throated Foliage-gleaner,Automolus ochrolaemus
BTSA,Buff-throated Saltator,Saltator maximus
BUFF,Bufflehead,Bucephala albeola
BUTU,Buffy Tuftedcheek,Pseudocolaptes lawrencii
BCWP,Buffy-crowned Wood-Partridge,Dendrortyx leucophrys
BULS,Buller's Shearwater,Ardenna bulleri
BUOR,Bullock's Oriole,Icterus bullockii
BUPE,Bulwer's Petrel,Bulweria bulwerii
BUHU,Bumblebee Hummingbird,Atthis heloisa
BUOW,Burrowing Owl,Athene cunicularia
BUSH,Bushtit,Psaltriparus minimus
BCRJ,Bushy-crested Jay,Cyanocorax melanocyaneus
CAGS,Cabanis's Ground-Sparrow,Melozone cabanisi
CABW,Cabanis's Wren,Cantorchilus modestus
CACG,Cackling Goose,Branta hutchinsii
CACW,Cactus Wren,Campylorhynchus brunneicapillus
CACO,California Condor,Gymnogyps californianus
CAGN,California Gnatcatcher,Polioptila californica
CAGU,California Gull,Larus californicus
CAQU,California Quail,Callipepla californica
CASJ,California Scrub-Jay,Aphelocoma californica
CATH,California Thrasher,Toxostoma redivivum
CALT,California Towhee,Melozone crissalis
CAHU,Calliope Hummingbird,Selasphorus calliope
CANG,Canada Goose,Branta canadensis
CAJA,Canada Jay,Perisoreus canadensis
CAWA,Canada Warbler,Cardellina canadensis
CAKW,Canebrake Wren,Cantorchilus zeledoni
CAEM,Canivet's Emerald,Chlorostilbon canivetii
CANV,Canvasback,Aythya valisineria
CANT,Canyon Towhee,Melozone fusca
CANW,Canyon Wren,Catherpes mexicanus
CMWA,Cape May Warbler,Setophaga tigrina
CVSH,Cape Verde Shearwater,Calonectris edwardsii
CAHE,Capped Heron,Pilherodius pileatus
CAGR,Carib Grackle,Quiscalus lugubris
CADO,Caribbean Dove,Leptotila jamaicensis
CAEL,Caribbean Elaenia,Elaenia martinica
CAMA,Caribbean Martin,Progne dominicensis
CATA,Carmiol's Tanager,Chlorothraupis carmioli
CACH,Carolina Chickadee,Poecile carolinensis
CAPA,Carolina Parakeet,Conuropsis carolinensis
CARW,Carolina Wren,Thryothorus ludovicianus
CATE,Caspian Tern,Hydroprogne caspia
CACR,Cassia Crossbill,Loxia sinesciuris
CAAU,Cassin's Auklet,Ptychoramphus aleuticus
CAFI,Cassin's Finch,Haemorhous cassinii
CAKI,Cassin's Kingbird,Tyrannus vociferans
CASP,Cassin's Sparrow,Peucaea cassinii
CAVI,Cassin's Vireo,Vireo cassinii
CAEG,Cattle Egret,Bubulcus ibis
CATY,Cattle Tyrant,Machetornis rixosa
CASW,Cave Swallow,Petrochelidon fulva
CEDW,Cedar Waxwing,Bombycilla cedrorum
CAPO,Central American Pygmy-Owl,Glaucidium griseiceps
CERW,Cerulean Warbler,Setophaga cerulea
CHAS,Chapman's Swift,Chaetura chapmani
CHHU,Charming Hummingbird,Amazilia decora
CHAL,Chatham Albatross,Thalassarche eremita
CTAN,Checker-throated Antwren,Epinecrophylla fulviventris
CHMU,Chestnut Munia,Lonchura atricapilla
CBAN,Chestnut-backed Antbird,Myrmeciza exsul
CBCH,Chestnut-backed Chickadee,Poecile rufescens
CBCU,Chestnut-bellied Cuckoo,Coccyzus pluvialis
CBSA,Chestnut-bellied Sandgrouse,Pterocles exustus
CCBR,Chestnut-capped Brushfinch,Arremon brunneinucha
CCLO,Chestnut-collared Longspur,Calcarius ornatus
CCSW,Chestnut-collared Swift,Streptoprocne rutila
CCOW,Chestnut-colored Woodpecker,Celeus castaneus
CFMA,Chestnut-fronted Macaw,Ara severus
CHOR,Chestnut-headed Oropendola,Psarocolius wagleri
CSSV,Chestnut-sided Shrike-Vireo,Vireolanius melitophrys
CSWA,Chestnut-sided Warbler,Setophaga pensylvanica
CHRA,Chihuahuan Raven,Corvus cryptoleucus
CHSW,Chimney Swift,Chaetura pelagica
CHEG,Chinese Egret,Egretta eulophotes
CHPH,Chinese Pond-Heron,Ardeola bacchus
CHIS,Chinese Sparrowhawk,Accipiter soloensis
CHSP,Chipping Sparrow,Spizella passerina
CHFG,Chiriqui Foliage-gleaner,Automolus exsertus
CHQD,Chiriqui Quail-Dove,Zentrygon chiriquensis
CHSO,Choco Screech-Owl,Megascops centralis
CHSI,Choco Sirystes,Sirystes albogriseus
CHTA,Choco Tapaculo,Scytalopus chocoensis
CHTI,Choco Tinamou,Crypturellus kerriae
CHSH,Christmas Shearwater,Puffinus nativitatis
CWWI,Chuck-will's-widow,Antrostomus carolinensis
CHUK,Chukar,Alectoris chukar
CIRB,Cinereous Becard,Pachyramphus rufus
CIMB,Cinnamon Becard,Pachyramphus cinnamomeus
CIHU,Cinnamon Hummingbird,Amazilia rutila
CITE,Cinnamon Teal,Spatula cyanoptera
CIWO,Cinnamon Woodpecker,Celeus loricatus
CBFL,Cinnamon-bellied Flowerpiercer,Diglossa baritula
CRSE,Cinnamon-rumped Seedeater,Sporophila torqueola
CTSP,Cinnamon-tailed Sparrow,Peucaea sumichrasti
CITR,Citreoline Trogon,Trogon citreolus
CIWA,Citrine Wagtail,Motacilla citreola
CLRA,Clapper Rail,Rallus crepitans
CLWR,Clarion Wren,Troglodytes tanneri
CLGR,Clark's Grebe,Aechmophorus clarkii
CLNU,Clark's Nutcracker,Nucifraga columbiana
CCSP,Clay-colored Sparrow,Spizella pallida
CCTH,Clay-colored Thrush,Turdus grayi
CLSW,Cliff Swallow,Petrochelidon pyrrhonota
COCT,Cocoa Thrush,Turdus fumigatus
COWO,Cocoa Woodcreeper,Xiphorhynchus susurrans
COHE,Cocoi Heron,Ardea cocoi
COCC,Cocos Cuckoo,Coccyzus ferrugineus
COFI,Cocos Finch,Pinaroloxias inornata
COCF,Cocos Flycatcher,Nesotriccus ridgwayi
COSP,Coiba Spinetail,Cranioleuca dissita
CPYO,Colima Pygmy-Owl,Glaucidium palmarum
COLW,Colima Warbler,Leiothlypis crissalis
COAR,Collared Aracari,Pteroglossus torquatus
COFF,Collared Forest-Falcon,Micrastur semitorquatus
COPL,Collared Plover,Charadrius collaris
COPR,Collared Pratincole,Glareola pratincola
COLR,Collared Redstart,Myioborus torquatus
COTO,Collared Towhee,Pipilo ocai
COTR,Collared Trogon,Trogon collaris
COLC,Colombian Crake,Neocrex colombiana
CODU,Comb Duck,Sarkidiornis melanotos
COBH,Common Black Hawk,Buteogallus anthracinus
CCHA,Common Chaffinch,Fringilla coelebs
CCHI,Common Chiffchaff,Phylloscopus collybita
COCL,Common Chlorospingus,Chlorospingus flavopectus
CCRA,Common Crane,Grus grus
COCU,Common Cuckoo,Cuculus canorus
COEI,Common Eider,Somateria mollissima
COGA,Common Gallinule,Gallinula galeata
COGO,Common Goldeneye,Bucephala clangula
COGR,Common Grackle,Quiscalus quiscula
COMG,Common Greenshank,Tringa nebularia
CGDO,Common Ground Dove,Columbina passerina
COHM,Common House-Martin,Delichon urbicum
COLO,Common Loon,Gavia immer
COME,Common Merganser,Mergus merganser
COMO,Common Moorhen,Gallinula chloropus
COMU,Common Murre,Uria aalge
COMY,Common Myna,Acridotheres tristis
CONI,Common Nighthawk,Chordeiles minor
COPA,Common Pauraque,Nyctidromus albicollis
COMP,Common Pochard,Aythya ferina
COPO,Common Poorwill,Phalaenoptilus nuttallii
CPOT,Common Potoo,Nyctibius griseus
CORA,Common Raven,Corvus corax
CORE,Common Redpoll,Acanthis flammea
CREH,Common Redshank,Tringa totanus
CRET,Common Redstart,Phoenicurus phoenicurus
CRPL,Common Ringed Plover,Charadrius hiaticula
CORO,Common Rosefinch,Carpodacus erythrinus
COSA,Common Sandpiper,Actitis hypoleucos
COSC,Common Scoter,Melanitta nigra
COMS,Common Shelduck,Tadorna tadorna
COSN,Common Snipe,Gallinago gallinago
COSW,Common Swift,Apus apus
COTE,Common Tern,Sterna hirundo
COTF,Common Tody-Flycatcher,Todirostrum cinereum
COMW,Common Waxbill,Estrilda astrild
COYE,Common Yellowthroat,Geothlypis trichas
CONW,Connecticut Warbler,Oporornis agilis
COPE,Cook's Petrel,Pterodroma cookii
COHA,Cooper's Hawk,Accipiter cooperii
CHEM,Coppery-headed Emerald,Elvira cupreiceps
COFL,Cordilleran Flycatcher,Empidonax occidentalis
CORC,Corn Crake,Crex crex
CORS,Cory's Shearwater,Calonectris diomedea
CRBR,Costa Rican Brushfinch,Arremon costaricensis
CRPO,Costa Rican Pygmy-Owl,Glaucidium costaricanum
CRSW,Costa Rican Swift,Chaetura fumosa
CRWA,Costa Rican Warbler,Basileuterus melanotis
COHU,Costa's Hummingbird,Calypte costae
COKI,Couch's Kingbird,Tyrannus couchii
COEM,Cozumel Emerald,Chlorostilbon forficatus
COZT,Cozumel Thrasher,Toxostoma guttatum
COVI,Cozumel Vireo,Vireo bairdi
CRHA,Crane Hawk,Geranospiza caerulescens
CRMU,Craveri's Murrelet,Synthliboramphus craveri
CCWA,Crescent-chested Warbler,Oreothlypis superciliosa
CRAU,Crested Auklet,Aethia cristatella
CRBO,Crested Bobwhite,Colinus cristatus
CRCA,Crested Caracara,Caracara cheriway
CREA,Crested Eagle,Morphnus guianensis
CRGU,Crested Guan,Penelope purpurascens
CROR,Crested Oropendola,Psarocolius decumanus
CROW,Crested Owl,Lophostrix cristata
CRQD,Crested Quail-Dove,Geotrygon versicolor
CBTA,Crimson-backed Tanager,Ramphocelus dimidiatus
CBWO,Crimson-bellied Woodpecker,Campephilus haematogaster
CCGR,Crimson-collared Grosbeak,Rhodothraupis celaeno
CCTA,Crimson-collared Tanager,Ramphocelus sanguinolentus
CCRW,Crimson-crested Woodpecker,Campephilus melanoleucos
CFPA,Crimson-fronted Parakeet,Psittacara finschi
CRTH,Crissal Thrasher,Toxostoma crissale
CSFL,Crowned Slaty Flycatcher,Empidonomus aurantioatrocristatus
CRWO,Crowned Woodnymph,Thalurania colombica
CUBH,Cuban Black Hawk,Buteogallus gundlachii
CUBL,Cuban Blackbird,Ptiloxena atroviolacea
CUBU,Cuban Bullfinch,Melopyrrha nigra
CUCR,Cuban Crow,Corvus nasicus
CUEM,Cuban Emerald,Chlorostilbon ricordii
CUGN,Cuban Gnatcatcher,Polioptila lembeyei
CUGR,Cuban Grassquit,Phonipara canora
CGWO,Cuban Green Woodpecker,Xiphidiopicus percussus
CUBM,Cuban Macaw,Ara tricolor
CUMA,Cuban Martin,Progne cryptoleuca
CUOR,Cuban Oriole,Icterus melanopsis
CPAK,Cuban Parakeet,Psittacara euops
CPAT,Cuban Parrot,Amazona leucocephala
CUPE,Cuban Pewee,Contopus caribaeus
CUPO,Cuban Pygmy-Owl,Glaucidium siju
CUSO,Cuban Solitaire,Myadestes elisabeth
CUTO,Cuban Tody,Todus multicolor
CUTR,Cuban Trogon,Priotelus temnurus
CUVI,Cuban Vireo,Vireo gundlachii
CUSA,Curlew Sandpiper,Calidris ferruginea
CBTH,Curve-billed Thrasher,Toxostoma curvirostre
DAPE,Dark Pewee,Contopus lugubris
DBCU,Dark-billed Cuckoo,Coccyzus melacoryphus
DEJU,Dark-eyed Junco,Junco hyemalis
DSFL,Dark-sided Flycatcher,Muscicapa sibirica
DICK,Dickcissel,Spiza americana
DWAN,Dot-winged Antwren,Microrhopias quixensis
DBGR,Double-banded Graytail,Xenerpestes minlosi
DCCO,Double-crested Cormorant,Phalacrocorax auritus
DSTK,Double-striped Thick-knee,Burhinus bistriatus
DTKI,Double-toothed Kite,Harpagus bidentatus
DOVE,Dovekie,Alle alle
DOWO,Downy Woodpecker,Dryobates pubescens
DMAN,Dull-mantled Antbird,Myrmeciza laemosticta
DUNL,Dunlin,Calidris alpina
DUAN,Dusky Antbird,Cercomacroides tyrannina
DUFL,Dusky Flycatcher,Empidonax oberholseri
DUGR,Dusky Grouse,Dendragapus obscurus
DUHU,Dusky Hummingbird,Cynanthus sordidus
DUNI,Dusky Nightjar,Antrostomus saturatus
DUPI,Dusky Pigeon,Patagioenas goodsoni
DUTH,Dusky Thrush,Turdus naumanni
DUWA,Dusky Warbler,Phylloscopus fuscatus
DBJA,Dusky-backed Jacamar,Brachygalba salmoni
DCFL,Dusky-capped Flycatcher,Myiarchus tuberculifer
DFTA,Dusky-faced Tanager,Mitrospingus cassinii
DWCU,Dwarf Cuckoo,Coccycua pumila
DWJA,Dwarf Jay,Cyanolyca nana
DWVI,Dwarf Vireo,Vireo nelsoni
EADO,Eared Dove,Zenaida auriculata
EAGR,Eared Grebe,Podiceps nigricollis
EAPO,Eared Poorwill,Nyctiphrynus mcleodii
EAQU,Eared Quetzal,Euptilotis neoxenus
EABL,Eastern Bluebird,Sialia sialis
EACT,Eastern Chat-Tanager,Calyptophilus frugivorus
EAKI,Eastern Kingbird,Tyrannus tyrannus
EAME,Eastern Meadowlark,Sturnella magna
EAPH,Eastern Phoebe,Sayornis phoebe
EASO,Eastern Screech-Owl,Megascops asio
ESBD,Eastern Spot-billed Duck,Anas zonorhyncha
EATO,Eastern Towhee,Pipilo erythrophthalmus
EWPW,Eastern Whip-poor-will,Antrostomus vociferus
EAWP,Eastern Wood-Pewee,Contopus virens
EYWA,Eastern Yellow Wagtail,Motacilla tschutschensis
EGGO,Egyptian Goose,Alopochen aegyptiaca
ELEU,Elegant Euphonia,Euphonia elegantissima
ELQU,Elegant Quail,Callipepla douglasii
ELTE,Elegant Tern,Thalasseus elegans
ELTR,Elegant Trogon,Trogon elegans
ELOW,Elf Owl,Micrathene whitneyi
EWWA,Elfin-woods Warbler,Setophaga angelae
EMTA,Emerald Tanager,Tangara florida
ECHU,Emerald-chinned Hummingbird,Abeillia abeillei
EMGO,Emperor Goose,Anser canagicus
ERFR,Erckel's Francolin,Pternistis erckelii
ESCU,Eskimo Curlew,Numenius borealis
EUFL,Euler's Flycatcher,Lathrotriccus euleri
EUBB,Eurasian Blackbird,Turdus merula
EUBC,Eurasian Blackcap,Sylvia atricapilla
EUBU,Eurasian Bullfinch,Pyrrhula pyrrhula
EUCD,Eurasian Collared-Dove,Streptopelia decaocto
EUCO,Eurasian Coot,Fulica atra
EUCU,Eurasian Curlew,Numenius arquata
EUDO,Eurasian Dotterel,Charadrius morinellus
EHOB,Eurasian Hobby,Falco subbuteo
EHOO,Eurasian Hoopoe,Upupa epops
EUJA,Eurasian Jackdaw,Corvus monedula
EUKE,Eurasian Kestrel,Falco tinnunculus
EUOY,Eurasian Oystercatcher,Haematopus ostralegus
EUSI,Eurasian Siskin,Spinus spinus
EUSK,Eurasian Skylark,Alauda arvensis
EURS,Eurasian Spoonbill,Platalea leucorodia
ETSP,Eurasian Tree Sparrow,Passer montanus
EUWI,Eurasian Wigeon,Mareca penelope
EUWO,Eurasian Woodcock,Scolopax rusticola
EUWR,Eurasian Wryneck,Jynx torquilla
EUGP,European Golden-Plover,Pluvialis apricaria
EUGO,European Goldfinch,Carduelis carduelis
EURO,European Robin,Erithacus rubecula
EUST,European Starling,Sturnus vulgaris
EUSP,European Storm-Petrel,Hydrobates pelagicus
EUTD,European Turtle-Dove,Streptopelia turtur
EVGR,Evening Grosbeak,Coccothraustes vespertinus
ERFL,Eye-ringed Flatbill,Rhynchocyclus brevirostris
EYTH,Eyebrowed Thrush,Turdus obscurus
FADU,Falcated Duck,Mareca falcata
FTWA,Fan-tailed Warbler,Basileuterus lachrymosus
FECU,Far Eastern Curlew,Numenius madagascariensis
FAAN,Fasciated Antshrike,Cymbilaimus lineatus
FTHE,Fasciated Tiger-Heron,Tigrisoma fasciatum
FEPE,Fea's Petrel,Pterodroma feae
FEFL,Fernandina's Flicker,Colaptes fernandinae
FEHA,Ferruginous Hawk,Buteo regalis
FEPO,Ferruginous Pygmy-Owl,Glaucidium brasilianum
FISP,Field Sparrow,Spizella pusilla
FIEL,Fieldfare,Turdus pilaris
FBAR,Fiery-billed Aracari,Pteroglossus frantzii
FTHU,Fiery-throated Hummingbird,Panterpe insignis
FICR,Fish Crow,Corvus ossifragus
FSSP,Five-striped Sparrow,Amphispiza quinquestriata
FCTA,Flame-colored Tanager,Piranga bidentata
FRTA,Flame-rumped Tanager,Ramphocelus flammigerus
FTHW,Flame-throated Warbler,Oreothlypis gutturalis
FLFL,Flammulated Flycatcher,Deltarhynchus flammulatus
FLOW,Flammulated Owl,Psiloscops flammeolus
FBVI,Flat-billed Vireo,Vireo nanus
FFSH,Flesh-footed Shearwater,Ardenna carneipes
FLSJ,Florida Scrub-Jay,Aphelocoma coerulescens
FOEL,Forest Elaenia,Myiopagis gaimardii
FOTH,Forest Thrush,Turdus lherminieri
FTFL,Fork-tailed Flycatcher,Tyrannus savana
FTSP,Fork-tailed Storm-Petrel,Hydrobates furcatus
FTSW,Fork-tailed Swift,Apus pacificus
FOTE,Forster's Tern,Sterna forsteri
FOSP,Fox Sparrow,Passerella iliaca
FRGU,Franklin's Gull,Leucophaeus pipixcan
FUOW,Fulvous Owl,Strix fulvescens
FUWD,Fulvous Whistling-Duck,Dendrocygna bicolor
FVEU,Fulvous-vented Euphonia,Euphonia fulvicrissa
GADW,Gadwall,Mareca strepera
GAPE,Galapagos Petrel,Pterodroma phaeopygia
GASH,Galapagos Shearwater,Puffinus subalaris
GAQU,Gambel's Quail,Callipepla gambelii
GAEM,Garden Emerald,Chlorostilbon assimilis
GARG,Garganey,Spatula querquedula
GATH,Garnet-throated Hummingbird,Lamprolaima rhami
GATR,Gartered Trogon,Trogon caligatus
GICO,Giant Cowbird,Molothrus oryzivorus
GIKI,Giant Kingbird,Tyrannus cubensis
GIWR,Giant Wren,Campylorhynchus chiapensis
GIWO,Gila Woodpecker,Melanerpes uropygialis
GIFL,Gilded Flicker,Colaptes chrysoides
GLGU,Glaucous Gull,Larus hyperboreus
GWGU,Glaucous-winged Gull,Larus glaucescens
GLIB,Glossy Ibis,Plegadis falcinellus
GLTH,Glow-throated Hummingbird,Selasphorus ardens
GOEA,Golden Eagle,Aquila chrysaetos
GOSW,Golden Swallow,Tachycineta euchrysea
GOVI,Golden Vireo,Vireo hypochryseus
GBFL,Golden-bellied Flycatcher,Myiodynastes hemichrysus
GBCH,Golden-browed Chlorophonia,Chlorophonia callophrys
GBWA,Golden-browed Warbler,Basileuterus belli
GCWA,Golden-cheeked Warbler,Setophaga chrysoparia
GCHW,Golden-cheeked Woodpecker,Melanerpes chrysogenys
GCMA,Golden-collared Manakin,Manacus vitellinus
GCEM,Golden-crowned Emerald,Chlorostilbon auriceps
GOCF,Golden-crowned Flycatcher,Myiodynastes chrysocephalus
GCKI,Golden-crowned Kinglet,Regulus satrapa
GCRS,Golden-crowned Spadebill,Platyrinchus coronatus
GCSP,Golden-crowned Sparrow,Zonotrichia atricapilla
GCRW,Golden-crowned Warbler,Basileuterus culicivorus
GFGR,Golden-fronted Greenlet,Pachysylvia aurantiifrons
GFWO,Golden-fronted Woodpecker,Melanerpes aurifrons
GGWO,Golden-green Woodpecker,Piculus chrysochloros
GHMA,Golden-headed Manakin,Ceratopipra erythrocephala
GHQU,Golden-headed Quetzal,Pharomachrus auriceps
GHOT,Golden-hooded Tanager,Stilpnia larvata
GNWO,Golden-naped Woodpecker,Melanerpes chrysauchen
GOWO,Golden-olive Woodpecker,Colaptes rubiginosus
GWWA,Golden-winged Warbler,Vermivora chrysoptera
GRWA,Grace's Warbler,Setophaga graciae
GCAT,Grand Cayman Thrush,Turdus ravidus
GRSP,Grasshopper Sparrow,Ammodramus savannarum
GRYF,Grassland Yellow-Finch,Sicalis luteola
GRBU,Gray Bunting,Emberiza variabilis
GRCA,Gray Catbird,Dumetella carolinensis
GRAE,Gray Elaenia,Myiopagis caniceps
GRFL,Gray Flycatcher,Empidonax wrightii
GRAF,Gray Francolin,Francolinus pondicerianus
GRGU,Gray Gull,Leucophaeus modestus
GRHA,Gray Hawk,Buteo plagiatus
GRAH,Gray Heron,Ardea cinerea
GRAK,Gray Kingbird,Tyrannus dominicensis
GRNI,Gray Nightjar,Caprimulgus jotaka
GRAP,Gray Partridge,Perdix perdix
GRSF,Gray Silky-flycatcher,Ptiliogonys cinereus
GRAT,Gray Thrasher,Toxostoma cinereum
GRTR,Gray Trembler,Cinclocerthia gutturalis
GRVI,Gray Vireo,Vireo vicinior
GRAW,Gray Wagtail,Motacilla cinerea
GAGT,Gray-and-gold Tanager,Poecilostreptus palmeri
GBAT,Gray-backed Tern,Onychoprion lunatus
GBWR,Gray-barred Wren,Campylorhynchus megalopterus
GBEH,Gray-bellied Hawk,Accipiter poliogaster
GBCR,Gray-breasted Crake,Laterallus exilis
GYBM,Gray-breasted Martin,Progne chalybea
GBWW,Gray-breasted Wood-Wren,Henicorhina leucophrys
GBWO,Gray-breasted Woodpecker,Melanerpes hypopolius
GCCU,Gray-capped Cuckoo,Coccyzus lansbergi
GCAF,Gray-capped Flycatcher,Myiozetetes granadensis
GCNU,Gray-cheeked Nunlet,Nonnula frontalis
GCTH,Gray-cheeked Thrush,Catharus minimus
GCDO,Gray-chested Dove,Leptotila cassinii
GCBE,Gray-collared Becard,Pachyramphus major
GCWR,Gray-cowled Wood-Rail,Aramides cajaneus
GCPT,Gray-crowned Palm-Tanager,Phaenicophilus poliocephalus
GCRF,Gray-crowned Rosy-Finch,Leucosticte tephrocotis
GRCW,Gray-crowned Woodpecker,Colaptes auricularis
GCYE,Gray-crowned Yellowthroat,Geothlypis poliocephala
GFPE,Gray-faced Petrel,Pterodroma gouldi
GFQD,Gray-fronted Quail-Dove,Geotrygon caniceps
GHEC,Gray-headed Chachalaca,Ortalis cinereiceps
GHCH,Gray-headed Chickadee,Poecile cinctus
GHDO,Gray-headed Dove,Leptotila plumbeiceps
GHKI,Gray-headed Kite,Leptodon cayanensis
GHPI,Gray-headed Piprites,Piprites griseiceps
GHET,Gray-headed Tanager,Eucometis penicillata
GHGU,Gray-hooded Gull,Chroicocephalus cirrocephalus
GLHA,Gray-lined Hawk,Buteo nitidus
GRSW,Gray-rumped Swift,Chaetura cinereiventris
GSFL,Gray-streaked Flycatcher,Muscicapa griseisticta
GTTA,Gray-tailed Tattler,Tringa brevipes
GTCH,Gray-throated Chat,Granatellus sallaei
GTLE,Gray-throated Leaftosser,Sclerurus albigularis
GRAS,Grayish Saltator,Saltator coerulescens
GRGO,Graylag Goose,Anser anser
GANT,Great Antshrike,Taraba major
GRAU,Great Auk,Pinguinus impennis
GBHA,Great Black Hawk,Buteogallus urubitinga
GBBG,Great Black-backed Gull,Larus marinus
GBHE,Great Blue Heron,Ardea herodias
GRCO,Great Cormorant,Phalacrocorax carbo
GCFL,Great Crested Flycatcher,Myiarchus crinitus
GCTE,Great Crested Tern,Thalasseus bergii
GRCU,Great Curassow,Crax rubra
GREG,Great Egret,Ardea alba
GREF,Great Frigatebird,Fregata minor
GGOW,Great Gray Owl,Strix nebulosa
GGMA,Great Green Macaw,Ara ambiguus
GHOW,Great Horned Owl,Bubo virginianus
GREJ,Great Jacamar,Jacamerops aureus
GKIS,Great Kiskadee,Pitangus sulphuratus
GRKN,Great Knot,Calidris tenuirostris
GRLC,Great Lizard-Cuckoo,Coccyzus merlini
GRPO,Great Potoo,Nyctibius grandis
GRSH,Great Shearwater,Ardenna gravis
GRSK,Great Skua,Stercorarius skua
GSWO,Great Spotted Woodpecker,Dendrocopos major
GSTS,Great Swallow-tailed Swift,Panyptila sanctihieronymi
GRTI,Great Tinamou,Tinamus major
GTGR,Great-tailed Grackle,Quiscalus mexicanus
GRAM,Greater Amakihi,Viridonia sagittirostris
GRTA,Greater Ani,Crotophaga major
GABU,Greater Antillean Bullfinch,Melopyrrha violacea
GAEL,Greater Antillean Elaenia,Elaenia fallax
GAGR,Greater Antillean Grackle,Quiscalus niger
GANI,Greater Antillean Nightjar,Antrostomus cubanensis
GRKF,Greater Koa-Finch,Rhodacanthis palmeri
GNLA,Greater Necklaced Laughingthrush,Garrulax pectoralis
GRPE,Greater Pewee,Contopus pertinax
GRPC,Greater Prairie-Chicken,Tympanuchus cupido
GRRO,Greater Roadrunner,Geococcyx californianus
GRSG,Greater Sage-Grouse,Centrocercus urophasianus
GSAP,Greater Sand-Plover,Charadrius leschenaultii
GRSC,Greater Scaup,Aythya marila
GWFG,Greater White-fronted Goose,Anser albifrons
GRYE,Greater Yellowlegs,Tringa melanoleuca
GREH,Green Hermit,Phaethornis guy
GRHE,Green Heron,Butorides virescens
GRHO,Green Honeycreeper,Chlorophanes spiza
GRIB,Green Ibis,Mesembrinibis cayennensis
GRJA,Green Jay,Cyanocorax yncas
GKIN,Green Kingfisher,Chloroceryle americana
GMAK,Green Manakin,Cryptopipo holochlora
GMAG,Green Mango,Anthracothorax viridis
GREP,Green Parakeet,Psittacara holochlorus
GRSA,Green Sandpiper,Tringa ochropus
GRSV,Green Shrike-Vireo,Vireolanius pulchellus
GRET,Green Thorntail,Discosura conversii
GARK,Green-and-rufous Kingfisher,Chloroceryle inda
GBSP,Green-backed Sparrow,Arremonops chloronotus
GNBM,Green-breasted Mango,Anthracothorax prevostii
GBMG,Green-breasted Mountain-gem,Lampornis sybillae
GCBR,Green-crowned Brilliant,Heliodoxa jacula
GFHU,Green-fronted Hummingbird,Amazilia viridifrons
GFRL,Green-fronted Lancebill,Doryfera ludovicae
GNTA,Green-naped Tanager,Tangara fucosa
GRUP,Green-rumped Parrotlet,Forpus passerinus
GSBR,Green-striped Brushfinch,Arremon virenticeps
GTTO,Green-tailed Towhee,Pipilo chlorurus
GTWA,Green-tailed Warbler,Microligea palustris
GTCA,Green-throated Carib,Eulampis holosericeus
GTMG,Green-throated Mountain-gem,Lampornis viridipallens
GWTE,Green-winged Teal,Anas crecca
GREL,Greenish Elaenia,Myiopagis viridicata
GRPU,Greenish Puffleg,Haplophaedia aureliae
GRDO,Grenada Dove,Leptotila wellsi
GFLY,Grenada Flycatcher,Myiarchus nugator
GBAN,Groove-billed Ani,Crotophaga sulcirostris
GUCA,Guadalupe Caracara,Caracara lutosa
GUJU,Guadalupe Junco,Junco insularis
GUMU,Guadalupe Murrelet,Synthliboramphus hypoleucus
GUSP,Guadalupe Storm-Petrel,Hydrobates macrodactylus
GUWO,Guadeloupe Woodpecker,Melanerpes herminieri
GBTE,Gull-billed Tern,Gelochelidon nilotica
GUHA,Gundlach's Hawk,Accipiter gundlachi
GUSG,Gunnison Sage-Grouse,Centrocercus minimus
GYRF,Gyrfalcon,Falco rusticolus
HAWO,Hairy Woodpecker,Dryobates villosus
HAFL,Hammond's Flycatcher,Empidonax hammondii
HAWR,Happy Wren,Pheugopedius felix
HADU,Harlequin Duck,Histrionicus histrionicus
HAEA,Harpy Eagle,Harpia harpyja
HASH,Harris's Hawk,Parabuteo unicinctus
HASP,Harris's Sparrow,Zonotrichia querula
HAAK,Hawaii Akepa,Loxops coccineus
HAAM,Hawaii Amakihi,Chlorodrepanis virens
HCRE,Hawaii Creeper,Loxops mana
HAEL,Hawaii Elepaio,Chasiempis sandwichensis
HAMA,Hawaii Mamo,Drepanis pacifica
HAOO,Hawaii Oo,Moho nobilis
HACO,Hawaiian Coot,Fulica alai
HCRO,Hawaiian Crow,Corvus hawaiiensis
HAWD,Hawaiian Duck,Anas wyvilliana
HAGO,Hawaiian Goose,Branta sandvicensis
HAWH,Hawaiian Hawk,Buteo solitarius
HAPE,Hawaiian Petrel,Pterodroma sandwichensis
HARA,Hawaiian Rail,Zapornia sandwichensis
HAWF,Hawfinch,Coccothraustes coccothraustes
HEEG,Heermann's Gull,Larus heermanni
HELG,Helmeted Guineafowl,Numida meleagris
HESP,Henslow's Sparrow,Centronyx henslowii
HETA,Hepatic Tanager,Piranga flava
HEPE,Herald Petrel,Pterodroma heraldica
HETH,Hermit Thrush,Catharus guttatus
HEWA,Hermit Warbler,Setophaga occidentalis
HERG,Herring Gull,Larus argentatus
HIGU,Highland Guan,Penelopina nigra
HITI,Highland Tinamou,Nothocercus bonapartei
HISN,Himalayan Snowcock,Tetraogallus himalayensis
HICR,Hispaniolan Crossbill,Loxia megaplaga
HIEM,Hispaniolan Emerald,Chlorostilbon swainsonii
HILC,Hispaniolan Lizard-Cuckoo,Coccyzus longirostris
HIOR,Hispaniolan Oriole,Icterus dominicensis
HPAK,Hispaniolan Parakeet,Psittacara chloropterus
HPAT,Hispaniolan Parrot,Amazona ventralis
HIPE,Hispaniolan Pewee,Contopus hispaniolensis
HISP,Hispaniolan Spindalis,Spindalis dominicensis
HITR,Hispaniolan Trogon,Priotelus roseigaster
HIWO,Hispaniolan Woodpecker,Melanerpes striatus
HORE,Hoary Redpoll,Acanthis hornemanni
HOWO,Hoffmann's Woodpecker,Melanerpes hoffmannii
HOEM,Honduran Emerald,Amazilia luciae
HOCR,Hooded Crow,Corvus cornix
HOOG,Hooded Grosbeak,Coccothraustes abeillei
HOME,Hooded Merganser,Lophodytes cucullatus
HOOR,Hooded Oriole,Icterus cucullatus
HOWA,Hooded Warbler,Setophaga citrina
HOYE,Hooded Yellowthroat,Geothlypis nelsoni
HBKI,Hook-billed Kite,Chondrohierax uncinatus
HOGR,Horned Grebe,Podiceps auritus
HOGU,Horned Guan,Oreophasis derbianus
HOLA,Horned Lark,Eremophila alpestris
HOPU,Horned Puffin,Fratercula corniculata
HOFI,House Finch,Haemorhous mexicanus
HOSP,House Sparrow,Passer domesticus
HOWR,House Wren,Troglodytes aedon
HUGO,Hudsonian Godwit,Limosa haemastica
HUSA,Humboldt's Sapphire,Hylocharis humboldtii
HUVI,Hutton's Vireo,Vireo huttoni
HWAM,Hwamei,Garrulax canorus
ICGU,Iceland Gull,Larus glaucoides
IIWI,Iiwi,Drepanis coccinea
IMPA,Imperial Parrot,Amazona imperialis
IMWO,Imperial Woodpecker,Campephilus imperialis
INWO,Inagua Woodstar,Nesophlox lyrura
INDO,Inca Dove,Columbina inca
INTE,Inca Tern,Larosterna inca
INPE,Indian Peafowl,Pavo cristatus
INSI,Indian Silverbill,Euodice malabarica
INBU,Indigo Bunting,Passerina cyanea
INEG,Intermediate Egret,Ardea intermedia
ISCA,Island Canary,Serinus canaria
ISSJ,Island Scrub-Jay,Aphelocoma insularis
ISWR,Isthmian Wren,Cantorchilus elutus
IVGU,Ivory Gull,Pagophila eburnea
IBIW,Ivory-billed Woodcreeper,Xiphorhynchus flavigaster
IBWO,Ivory-billed Woodpecker,Campephilus principalis
JABI,Jabiru,Jabiru mycteria
JASN,Jack Snipe,Lymnocryptes minimus
JABE,Jamaican Becard,Pachyramphus niger
JABL,Jamaican Blackbird,Nesopsar nigerrimus
JACR,Jamaican Crow,Corvus jamaicensis
JAEL,Jamaican Elaenia,Myiopagis cotta
JAEU,Jamaican Euphonia,Euphonia jamaica
JALC,Jamaican Lizard-Cuckoo,Coccyzus vetula
JAMA,Jamaican Mango,Anthracothorax mango
JAOR,Jamaican Oriole,Icterus leucopteryx
JAOW,Jamaican Owl,Pseudoscops grammicus
JAPA,Jamaican Pauraque,Siphonorhis americana
JAPE,Jamaican Pewee,Contopus pallidus
JAMS,Jamaican Spindalis,Spindalis nigricephala
JATO,Jamaican Tody,Todus todus
JAVI,Jamaican Vireo,Vireo modestus
JAWO,Jamaican Woodpecker,Melanerpes radiolatus
JABW,Japanese Bush-Warbler,Horornis diphone
JAQU,Japanese Quail,Coturnix japonica
JAWE,Japanese White-eye,Zosterops japonicus
JASP,Java Sparrow,Lonchura oryzivora
JEAN,Jet Antbird,Cercomacra nigricans
JOPE,Jouanin's Petrel,Bulweria fallax
JFPE,Juan Fernandez Petrel,Pterodroma externa
JUTI,Juniper Titmouse,Baeolophus ridgwayi
KAKA,Kakawahie,Paroreomyza flammea
KAPH,Kalij Pheasant,Lophura leucomelanos
KAMA,Kamao,Myadestes myadestinus
KLWA,Kamchatka Leaf Warbler,Phylloscopus examinandus
KAAK,Kauai Akialoa,Akialoa stejnegeri
KAAM,Kauai Amakihi,Chlorodrepanis stejnegeri
KAEL,Kauai Elepaio,Chasiempis sclateri
KANU,Kauai Nukupuu,Hemignathus hanapepe
KAOO,Kauai Oo,Moho braccatus
KBMO,Keel-billed Motmot,Electron carinatum
KBTO,Keel-billed Toucan,Ramphastos sulfuratus
KEGU,Kelp Gull,Larus dominicanus
KEWA,Kentucky Warbler,Geothlypis formosa
KEPE,Kermadec Petrel,Pterodroma neglecta
KWQD,Key West Quail-Dove,Geotrygon chrysia
KILL,Killdeer,Charadrius vociferus
KIEI,King Eider,Somateria spectabilis
KIRA,King Rail,Rallus elegans
KIVU,King Vulture,Sarcoramphus papa
KIOE,Kioea,Chaetoptila angustipluma
KIWA,Kirtland's Warbler,Setophaga kirtlandii
KIMU,Kittlitz's Murrelet,Brachyramphus brevirostris
KOGR,Kona Grosbeak,Chloridops kona
LSFL,La Sagra's Flycatcher,Myiarchus sagrae
LSTH,La Selle Thrush,Turdus swalesi
LABD,Labrador Duck,Camptorhynchus labradorius
LBWO,Ladder-backed Woodpecker,Dryobates scalaris
LANH,Lanai Hookbill,Dysmorodrepanis munroi
LATM,Lance-tailed Manakin,Chiroxiphia lanceolata
LAMO,Lanceolated Monklet,Micromonacha lanceolata
LANW,Lanceolated Warbler,Locustella lanceolata
LALO,Lapland Longspur,Calcarius lapponicus
LBSF,Large-billed Seed-Finch,Sporophila crassirostris
LBTE,Large-billed Tern,Phaetusa simplex
LFFI,Large-footed Finch,Pezopetes capitalis
LARB,Lark Bunting,Calamospiza melanocorys
LASP,Lark Sparrow,Chondestes grammacus
LTTR,Lattice-tailed Trogon,Trogon clathratus
LAFA,Laughing Falcon,Herpetotheres cachinnans
LAGU,Laughing Gull,Leucophaeus atricilla
LAVW,Lavender Waxbill,Estrilda caerulescens
LAGO,Lawrence's Goldfinch,Spinus lawrencei
LAAL,Laysan Albatross,Phoebastria immutabilis
LAYD,Laysan Duck,Anas laysanensis
LAFI,Laysan Finch,Telespiza cantans
LAYH,Laysan Honeycreeper,Himatione fraithii
LARA,Laysan Rail,Zapornia palmeri
LAZB,Lazuli Bunting,Passerina amoena
LCSP,LeConte's Sparrow,Ammospiza leconteii
LCTH,LeConte's Thrasher,Toxostoma lecontei
LESP,Leach's Storm-Petrel,Hydrobates leucorhous
LEAU,Least Auklet,Aethia pusilla
LEBI,Least Bittern,Ixobrychus exilis
LEFL,Least Flycatcher,Empidonax minimus
LEGR,Least Grebe,Tachybaptus dominicus
LEPA,Least Pauraque,Siphonorhis brewsteri
LESA,Least Sandpiper,Calidris minutilla
LSTP,Least Storm-Petrel,Hydrobates microsoma
LETE,Least Tern,Sternula antillarum
LSTA,Lemon-spectacled Tanager,Chlorothraupis olivacea
LEAK,Lesser Akialoa,Akialoa obscura
LANB,Lesser Antillean Bullfinch,Loxigilla noctis
LAFL,Lesser Antillean Flycatcher,Myiarchus oberi
LAPE,Lesser Antillean Pewee,Contopus latirostris
LASA,Lesser Antillean Saltator,Saltator albicollis
LASW,Lesser Antillean Swift,Chaetura martinica
LATA,Lesser Antillean Tanager,Stilpnia cucullata
LBBG,Lesser Black-backed Gull,Larus fuscus
LEEL,Lesser Elaenia,Elaenia chiriquensis
LEFR,Lesser Frigatebird,Fregata ariel
LEGO,Lesser Goldfinch,Spinus psaltria
LESG,Lesser Greenlet,Pachysylvia decurtata
LEGC,Lesser Ground-Cuckoo,Morococcyx erythropygus
LEKI,Lesser Kiskadee,Pitangus lictor
LEKF,Lesser Koa-Finch,Rhodacanthis flaviceps
LENI,Lesser Nighthawk,Chordeiles acutipennis
LEPC,Lesser Prairie-Chicken,Tympanuchus pallidicinctus
LERE,Lesser Redpoll,Acanthis cabaret
LERO,Lesser Roadrunner,Geococcyx velox
LSAP,Lesser Sand-Plover,Charadrius mongolus
LESC,Lesser Scaup,Aythya affinis
LSTS,Lesser Swallow-tailed Swift,Panyptila cayennensis
LEVI,Lesser Violetear,Colibri cyanotus
LWFG,Lesser White-fronted Goose,Anser erythropus
LEWH,Lesser Whitethroat,Sylvia curruca
LYHV,Lesser Yellow-headed Vulture,Cathartes burrovianus
LEYE,Lesser Yellowlegs,Tringa flavipes
LEMO,Lesson's Motmot,Momotus lessonii
LEWO,Lewis's Woodpecker,Melanerpes lewis
LMAL,Light-mantled Albatross,Phoebetria palpebrata
LCPA,Lilac-crowned Parrot,Amazona finschi
LIMP,Limpkin,Aramus guarauna
LISP,Lincoln's Sparrow,Melospiza lincolnii
LIFG,Lineated Foliage-gleaner,Syndactyla subalaris
LIWO,Lineated Woodpecker,Dryocopus lineatus
LISE,Lined Seedeater,Sporophila lineola
LIBI,Little Bittern,Ixobrychus minutus
LBHE,Little Blue Heron,Egretta caerulea
LIBU,Little Bunting,Emberiza pusilla
LITC,Little Cuckoo,Coccycua minuta
LICU,Little Curlew,Numenius minutus
LIEG,Little Egret,Egretta garzetta
LIGU,Little Gull,Hydrocoloeus minutus
LRPL,Little Ringed Plover,Charadrius dubius
LIST,Little Stint,Calidris minuta
LITE,Little Tern,Sternula albifrons
LITI,Little Tinamou,Crypturellus soui
LOKI,Loggerhead Kingbird,Tyrannus caudifasciatus
LOSH,Loggerhead Shrike,Lanius ludovicianus
LBCU,Long-billed Curlew,Numenius americanus
LBDO,Long-billed Dowitcher,Limnodromus scolopaceus
LBGN,Long-billed Gnatwren,Ramphocaenus melanurus
LBIH,Long-billed Hermit,Phaethornis longirostris
LBMU,Long-billed Murrelet,Brachyramphus perdix
LBST,Long-billed Starthroat,Heliomaster longirostris
LBTH,Long-billed Thrasher,Toxostoma longirostre
LEOW,Long-eared Owl,Asio otus
LTDU,Long-tailed Duck,Clangula hyemalis
LTJA,Long-tailed Jaeger,Stercorarius longicaudus
LOTM,Long-tailed Manakin,Chiroxiphia linearis
LTSA,Long-tailed Sabrewing,Campylopterus excellens
LTSF,Long-tailed Silky-flycatcher,Ptiliogonys caudatus
LTTY,Long-tailed Tyrant,Colonia colonus
LTWP,Long-tailed Wood-Partridge,Dendrortyx macroura
LTWO,Long-tailed Woodcreeper,Deconychura longicauda
LTST,Long-toed Stint,Calidris subminuta
LWHA,Long-winged Harrier,Circus buffoni
LOWA,Louisiana Waterthrush,Parkesia motacilla
LOCO,Lovely Cotinga,Cotinga amabilis
LUHU,Lucifer Hummingbird,Calothorax lucifer
LUWA,Lucy's Warbler,Leiothlypis luciae
MGWA,MacGillivray's Warbler,Geothlypis tolmiei
MTWO,Magenta-throated Woodstar,Calliphlox bryantae
MAFR,Magnificent Frigatebird,Fregata magnificens
MAWA,Magnolia Warbler,Setophaga magnolia
MAST,Maguari Stork,Ciconia maguari
MALL,Mallard,Anas platyrhynchos
MACU,Mangrove Cuckoo,Coccyzus minor
MAHU,Mangrove Hummingbird,Amazilia boucardi
MARA,Mangrove Rail,Rallus longirostris
MANS,Mangrove Swallow,Tachycineta albilinea
MAVI,Mangrove Vireo,Vireo pallens
MASH,Manx Shearwater,Puffinus puffinus
MAGO,Marbled Godwit,Limosa fedoa
MAMU,Marbled Murrelet,Brachyramphus marmoratus
MAWQ,Marbled Wood-Quail,Odontophorus gujanensis
MASW,Mariana Swiftlet,Aerodramus bartschi
MASP,Markham's Storm-Petrel,Hydrobates markhami
MCGD,Maroon-chested Ground Dove,Paraclaravis mondetoura
MFPA,Maroon-fronted Parrot,Rhynchopsitta terrisi
MASA,Marsh Sandpiper,Tringa stagnatilis
MAWR,Marsh Wren,Cistothorus palustris
MAOR,Martinique Oriole,Icterus bonana
MABO,Masked Booby,Sula dactylatra
MADU,Masked Duck,Nomonyx dominicus
MATI,Masked Tityra,Tityra semifasciata
MAAK,Maui Akepa,Loxops ochraceus
MAAL,Maui Alauahio,Paroreomyza montana
MANU,Maui Nukupuu,Hemignathus affinis
MAPA,Maui Parrotbill,Pseudonestor xanthophrys
MNAK,Maui-nui Akialoa,Akialoa lanaiensis
MCLO,McCown's Longspur,Rhynchophanes mccownii
MKBU,McKay's Bunting,Plectrophenax hyperboreus
MEPI,Meadow Pipit,Anthus pratensis
MEAP,Mealy Parrot,Amazona farinosa
MEBL,Melodious Blackbird,Dives dives
MERL,Merlin,Falco columbarius
MEGU,Mew Gull,Larus canus
MECH,Mexican Chickadee,Poecile sclateri
MEHE,Mexican Hermit,Phaethornis mexicanus
MEJA,Mexican Jay,Aphelocoma wollweberi
MEXP,Mexican Parrotlet,Forpus cyanopygius
MESH,Mexican Sheartail,Doricha eliza
MEVI,Mexican Violetear,Colibri thalassinus
MWPW,Mexican Whip-poor-will,Antrostomus arizonae
MEWO,Mexican Woodnymph,Thalurania ridgwayi
MIGW,Middendorff's Grasshopper-Warbler,Locustella ochotensis
MASO,Middle American Screech-Owl,Megascops guatemalae
MIMA,Military Macaw,Ara militaris
MILL,Millerbird,Acrocephalus familiaris
MIKI,Mississippi Kite,Ictinia mississippiensis
MITH,Mistle Thrush,Turdus viscivorus
MIPA,Mitred Parakeet,Psittacara mitratus
MOPA,Monk Parakeet,Myiopsitta monachus
MORO,Montezuma Oropendola,Psarocolius montezuma
MONQ,Montezuma Quail,Cyrtonyx montezumae
MORI,Montserrat Oriole,Icterus oberi
MOSE,Morelet's Seedeater,Sporophila morelleti
MODU,Mottled Duck,Anas fulvigula
MOOW,Mottled Owl,Ciccaba virgata
MOPE,Mottled Petrel,Pterodroma inexpectata
MOBL,Mountain Bluebird,Sialia currucoides
MOCH,Mountain Chickadee,Poecile gambeli
MOEL,Mountain Elaenia,Elaenia frantzii
MOPL,Mountain Plover,Charadrius montanus
MOUQ,Mountain Quail,Oreortyx pictus
MOTH,Mountain Thrush,Turdus plebejus
MOTR,Mountain Trogon,Trogon mexicanus
MODO,Mourning Dove,Zenaida macroura
MOWA,Mourning Warbler,Geothlypis philadelphia
MCTY,Mouse-colored Tyrannulet,Nesotriccus murinus
MOAN,Moustached Antwren,Myrmotherula ignota
MUFL,Mugimaki Flycatcher,Ficedula mugimaki
MUPE,Murphy's Petrel,Pterodroma ultima
MUDU,Muscovy Duck,Cairina moschata
MUSW,Mute Swan,Cygnus olor
NAPA,Nanday Parakeet,Aratinga nenday
NAFL,Narcissus Flycatcher,Ficedula narcissina
NBTO,Narrow-billed Tody,Todus angustirostris
NAWA,Nashville Warbler,Leiothlypis ruficapilla
NAWR,Nava's Wren,Hylorchilus navai
NABO,Nazca Booby,Sula granti
NESP,Nelson's Sparrow,Ammospiza nelsoni
NECO,Neotropic Cormorant,Phalacrocorax brasilianus
NESH,Newell's Shearwater,Puffinus newelli
NIGR,Nicaraguan Grackle,Quiscalus nicaraguensis
NISF,Nicaraguan Seed-Finch,Sporophila nuttingi
NIWR,Nightingale Wren,Microcerculus philomela
NIFI,Nihoa Finch,Telespiza ultima
NOBW,Northern Barred-Woodcreeper,Dendrocolaptes sanctithomae
NOBT,Northern Beardless-Tyrannulet,Camptostoma imberbe
NOBE,Northern Bentbill,Oncostoma cinereigulare
NOBO,Northern Bobwhite,Colinus virginianus
NOBB,Northern Boobook,Ninox japonica
NOCA,Northern Cardinal,Cardinalis cardinalis
NOET,Northern Emerald-Toucanet,Aulacorhynchus prasinus
NOFL,Northern Flicker,Colaptes auratus
NOFU,Northern Fulmar,Fulmarus glacialis
NOGA,Northern Gannet,Morus bassanus
NOGO,Northern Goshawk,Accipiter gentilis
NOHA,Northern Harrier,Circus hudsonius
NHOW,Northern Hawk Owl,Surnia ulula
NOJA,Northern Jacana,Jacana spinosa
NOLA,Northern Lapwing,Vanellus vanellus
NOMO,Northern Mockingbird,Mimus polyglottos
NOPA,Northern Parula,Setophaga americana
NOPI,Northern Pintail,Anas acuta
NORP,Northern Potoo,Nyctibius jamaicensis
NOPO,Northern Pygmy-Owl,Glaucidium gnoma
NRBI,Northern Red Bishop,Euplectes franciscanus
NRWS,Northern Rough-winged Swallow,Stelgidopteryx serripennis
NSWO,Northern Saw-whet Owl,Aegolius acadicus
NOSC,Northern Schiffornis,Schiffornis veraepacis
NOSF,Northern Scrub-Flycatcher,Sublegatus arenarum
NSHO,Northern Shoveler,Spatula clypeata
NSHR,Northern Shrike,Lanius borealis
NOWA,Northern Waterthrush,Parkesia noveboracensis
NOWH,Northern Wheatear,Oenanthe oenanthe
NOCR,Northwestern Crow,Corvus caurinus
NUWO,Nuttall's Woodpecker,Dryobates nuttallii
NUFL,Nutting's Flycatcher,Myiarchus nuttingi
OAKE,Oahu Akepa,Loxops wolstenholmei
OAKI,Oahu Akialoa,Akialoa ellisiana
OAAL,Oahu Alauahio,Paroreomyza maculata
OAAM,Oahu Amakihi,Chlorodrepanis flava
OAEL,Oahu Elepaio,Chasiempis ibidis
OANU,Oahu Nukupuu,Hemignathus lucidus
OAOO,Oahu Oo,Moho apicalis
OATI,Oak Titmouse,Baeolophus inornatus
OASP,Oaxaca Sparrow,Aimophila notosticta
OCAN,Ocellated Antbird,Phaenostictus mcleannani
OCCR,Ocellated Crake,Micropygia schomburgkii
OCPO,Ocellated Poorwill,Nyctiphrynus ocellatus
OCQU,Ocellated Quail,Cyrtonyx ocellatus
OCTH,Ocellated Thrasher,Toxostoma ocellatum
OCTU,Ocellated Turkey,Meleagris ocellata
OCPE,Ochraceous Pewee,Contopus ochraceus
OCWR,Ochraceous Wren,Troglodytes ochraceus
OBFL,Ochre-bellied Flycatcher,Mionectes oleagineus
OBAN,Ochre-breasted Antpitta,Grallaricula flavirostris
OILB,Oilbird,Steatornis caripensis
OLFL,Olivaceous Flatbill,Rhynchocyclus olivaceus
OLPI,Olivaceous Piculet,Picumnus olivaceus
OLWO,Olivaceous Woodcreeper,Sittasomus griseicapillus
OLSP,Olive Sparrow,Arremonops rufivirgatus
OLWA,Olive Warbler,Peucedramus taeniatus
OBAE,Olive-backed Euphonia,Euphonia gouldi
OBPI,Olive-backed Pipit,Anthus hodgsoni
OBQD,Olive-backed Quail-Dove,Leptotrygon veraguensis
OCAW,Olive-capped Warbler,Setophaga pityophila
OCYE,Olive-crowned Yellowthroat,Geothlypis semiflava
OSFL,Olive-sided Flycatcher,Contopus cooperi
OSTF,Olive-striped Flycatcher,Mionectes olivaceus
OTPA,Olive-throated Parakeet,Eupsittula nana
OLOM,Olomao,Myadestes lanaiensis
OMAO,Omao,Myadestes obscurus
OCBE,One-colored Becard,Pachyramphus homochrous
ORAO,Orange Oriole,Icterus auratus
OBEE,Orange-bellied Euphonia,Euphonia xanthogaster
OBNT,Orange-billed Nightingale-Thrush,Catharus aurantiirostris
OBSP,Orange-billed Sparrow,Arremon aurantiirostris
OBBU,Orange-breasted Bunting,Passerina leclancherii
OBFA,Orange-breasted Falcon,Falco deiroleucus
OCHW,Orange-cheeked Waxbill,Estrilda melpoda
OCPA,Orange-chinned Parakeet,Brotogeris jugularis
OCMA,Orange-collared Manakin,Manacus aurantiacus
OCOR,Orange-crowned Oriole,Icterus auricapillus
OCWA,Orange-crowned Warbler,Leiothlypis celata
OFPA,Orange-fronted Parakeet,Eupsittula canicularis
ORAN,Orangequit,Euneornis campestris
OROR,Orchard Oriole,Icterus spurius
ORCU,Oriental Cuckoo,Cuculus optatus
ORGR,Oriental Greenfinch,Chloris sinica
ORPL,Oriental Plover,Charadrius veredus
ORPR,Oriental Pratincole,Glareola maldivarum
ORSO,Oriental Scops-Owl,Otus sunia
ORTD,Oriental Turtle-Dove,Streptopelia orientalis
ORWA,Oriente Warbler,Teretistris fornsi
ORGO,Orinoco Goose,Neochen jubata
ORHE,Ornate Hawk-Eagle,Spizaetus ornatus
OSPR,Osprey,Pandion haliaetus
OU,Ou,Psittirostra psittacea
OVEN,Ovenbird,Seiurus aurocapilla
PAAN,Pacific Antwren,Myrmotherula pacifica
PAGP,Pacific Golden-Plover,Pluvialis fulva
PALO,Pacific Loon,Gavia pacifica
PACP,Pacific Parakeet,Psittacara strenuus
PASO,Pacific Screech-Owl,Megascops cooperi
PAWR,Pacific Wren,Troglodytes pacificus
PSFL,Pacific-slope Flycatcher,Empidonax difficilis
PBCR,Paint-billed Crake,Neocrex erythrops
PABU,Painted Bunting,Passerina ciris
PAIP,Painted Parakeet,Pyrrhura picta
PARE,Painted Redstart,Myioborus pictus
PBHE,Pale-bellied Hermit,Phaethornis anthophilus
PBIW,Pale-billed Woodpecker,Campephilus guatemalensis
PBSP,Pale-breasted Spinetail,Synallaxis albescens
PEPT,Pale-eyed Pygmy-Tyrant,Lophotriccus pilaris
PVPI,Pale-vented Pigeon,Patagioenas cayennensis
PVTH,Pale-vented Thrush,Turdus obsoletus
PALI,Palila,Loxioides bailleui
PALB,Pallas's Bunting,Emberiza pallasi
PLEW,Pallas's Leaf Warbler,Phylloscopus proregulus
PARO,Pallas's Rosefinch,Carpodacus roseus
PACR,Palm Crow,Corvus palmarum
PATA,Palm Tanager,Thraupis palmarum
PAWA,Palm Warbler,Setophaga palmarum
PALM,Palmchat,Dulus dominicus
PATY,Paltry Tyrannulet,Zimmerius vilissimus
PAFL,Panama Flycatcher,Myiarchus panamensis
PAAU,Parakeet Auklet,Aethia psittacula
PAJA,Parasitic Jaeger,Stercorarius parasiticus
PAPE,Parkinson's Petrel,Procellaria parkinsoni
PAPI,Passenger Pigeon,Ectopistes migratorius
PEKI,Pearl Kite,Gampsonyx swainsonii
PBCU,Pearly-breasted Cuckoo,Coccyzus euleri
PETH,Pearly-eyed Thrasher,Margarops fuscatus
PEPI,Pechora Pipit,Anthus gustavi
PESA,Pectoral Sandpiper,Calidris melanotos
PBFI,Peg-billed Finch,Acanthidops bairdi
PECO,Pelagic Cormorant,Phalacrocorax pelagicus
PEFA,Peregrine Falcon,Falco peregrinus
PEBO,Peruvian Booby,Sula variegata
PHAI,Phainopepla,Phainopepla nitens
PHCU,Pheasant Cuckoo,Dromococcyx phasianellus
PHVI,Philadelphia Vireo,Vireo philadelphicus
PIPU,Pied Puffbird,Notharchus tectus
PIWT,Pied Water-Tyrant,Fluvicola pica
PIWH,Pied Wheatear,Oenanthe pleschanka
PBGR,Pied-billed Grebe,Podilymbus podiceps
PIGU,Pigeon Guillemot,Cepphus columba
PILF,Pileated Flycatcher,Xenotriccus mexicanus
PIWO,Pileated Woodpecker,Dryocopus pileatus
PTSN,Pin-tailed Snipe,Gallinago stenura
PTWH,Pin-tailed Whydah,Vidua macroura
PIBU,Pine Bunting,Emberiza leucocephalos
PINF,Pine Flycatcher,Empidonax affinis
PIGR,Pine Grosbeak,Pinicola enucleator
PISI,Pine Siskin,Spinus pinus
PIWA,Pine Warbler,Setophaga pinus
PFGO,Pink-footed Goose,Anser brachyrhynchus
PFSH,Pink-footed Shearwater,Ardenna creatopus
PHWA,Pink-headed Warbler,Cardellina versicolor
PIBI,Pinnated Bittern,Botaurus pinnatus
PIJA,Pinyon Jay,Gymnorhinus cyanocephalus
PIPL,Piping Plover,Charadrius melodus
PIRF,Piratic Flycatcher,Legatus leucophaius
PICH,Pirre Chlorospingus,Chlorospingus inornatus
PIHU,Pirre Hummingbird,Goethalsia bella
PIRW,Pirre Warbler,Basileuterus ignotus
PLAN,Plain Antvireo,Dysithamnus mentalis
PLCH,Plain Chachalaca,Ortalis vetula
PLAP,Plain Pigeon,Patagioenas inornata
PLXE,Plain Xenops,Xenops minutus
PBGD,Plain-breasted Ground Dove,Columbina minuta
PBRW,Plain-brown Woodcreeper,Dendrocincla fuliginosa
PCST,Plain-capped Starthroat,Heliomaster constantii
PCTA,Plain-colored Tanager,Tangara inornata
PLHA,Plumbeous Hawk,Cryptoleucopteryx plumbea
PLKI,Plumbeous Kite,Ictinia plumbea
PLUP,Plumbeous Pigeon,Patagioenas plumbea
PLVI,Plumbeous Vireo,Vireo plumbeus
PLUW,Plumbeous Warbler,Setophaga plumbea
POJA,Pomarine Jaeger,Stercorarius pomarinus
POUL,Poo-uli,Melamprosops phaeosoma
PRFA,Prairie Falcon,Falco mexicanus
PRAW,Prairie Warbler,Setophaga discolor
PBBA,Prong-billed Barbet,Semnornis frantzii
PROW,Prothonotary Warbler,Protonotaria citrea
PRPE,Providence Petrel,Pterodroma solandri
PUAI,Puaiohi,Myadestes palmeri
PRBU,Puerto Rican Bullfinch,Melopyrrha portoricensis
PREM,Puerto Rican Emerald,Chlorostilbon maugaeus
PRFL,Puerto Rican Flycatcher,Myiarchus antillarum
PRLC,Puerto Rican Lizard-Cuckoo,Coccyzus vieilloti
PRNI,Puerto Rican Nightjar,Antrostomus noctitherus
PROR,Puerto Rican Oriole,Icterus portoricensis
PRPK,Puerto Rican Parakeet,Psittacara maugei
PRPO,Puerto Rican Parrot,Amazona vittata
PRSO,Puerto Rican Screech-Owl,Megascops nudipes
PRSP,Puerto Rican Spindalis,Spindalis portoricensis
PRTA,Puerto Rican Tanager,Nesospingus speculiferus
PRTO,Puerto Rican Tody,Todus mexicanus
PRVI,Puerto Rican Vireo,Vireo latimeri
PRWO,Puerto Rican Woodpecker,Melanerpes portoricensis
PUFI,Purple Finch,Haemorhous purpureus
PUGA,Purple Gallinule,Porphyrio martinicus
PUHE,Purple Heron,Ardea purpurea
PUHO,Purple Honeycreeper,Cyanerpes caeruleus
PUMA,Purple Martin,Progne subis
PUSA,Purple Sandpiper,Calidris maritima
PUSW,Purple Swamphen,Porphyrio porphyrio
PCFA,Purple-crowned Fairy,Heliothryx barroti
PTCA,Purple-throated Carib,Eulampis jugularis
PTFR,Purple-throated Fruitcrow,Querula purpurata
PTMG,Purple-throated Mountain-gem,Lampornis calolaemus
PTWO,Purple-throated Woodstar,Calliphlox mitchellii
PBJA,Purplish-backed Jay,Cyanocorax beecheii
PBQD,Purplish-backed Quail-Dove,Zentrygon lawrencii
PYNU,Pygmy Nuthatch,Sitta pygmaea
PYRR,Pyrrhuloxia,Cardinalis sinuatus
RAZO,Razorbill,Alca torda
REAV,Red Avadavat,Amandava amandava
RECR,Red Crossbill,Loxia curvirostra
REJU,Red Junglefowl,Gallus gallus
REKN,Red Knot,Calidris canutus
REPH,Red Phalarope,Phalaropus fulicarius
RESI,Red Siskin,Spinus cucullatus
REWA,Red Warbler,Cardellina rubra
RAGM,Red-and-green Macaw,Ara chloropterus
RBWO,Red-bellied Woodpecker,Melanerpes carolinus
RBLE,Red-billed Leiothrix,Leiothrix lutea
RBPI,Red-billed Pigeon,Patagioenas flavirostris
RBSC,Red-billed Scythebill,Campylorhamphus trochilirostris
RBTR,Red-billed Tropicbird,Phaethon aethereus
RBRC,Red-breasted Chat,Granatellus venustus
RBRM,Red-breasted Meadowlark,Leistes militaris
RBME,Red-breasted Merganser,Mergus serrator
RBNU,Red-breasted Nuthatch,Sitta canadensis
RBSA,Red-breasted Sapsucker,Sphyrapicus ruber
RCMA,Red-capped Manakin,Ceratopipra mentalis
RCCO,Red-cheeked Cordonbleu,Uraeginthus bengalus
RCWO,Red-cockaded Woodpecker,Dryobates borealis
RCCA,Red-crested Cardinal,Paroaria coronata
RCAT,Red-crowned Ant-Tanager,Habia rubica
RCPA,Red-crowned Parrot,Amazona viridigenalis
RCRW,Red-crowned Woodpecker,Melanerpes rubricapillus
REVI,Red-eyed Vireo,Vireo olivaceus
RFCO,Red-faced Cormorant,Phalacrocorax urile
RFSP,Red-faced Spinetail,Cranioleuca erythrops
RFWA,Red-faced Warbler,Cardellina rubrifrons
RFBL,Red-flanked Bluetail,Tarsiger cyanurus
RFBO,Red-footed Booby,Sula sula
RFFA,Red-footed Falcon,Falco vespertinus
RFPA,Red-fronted Parrotlet,Touit costaricensis
RHBA,Red-headed Barbet,Eubucco bourcierii
RHTA,Red-headed Tanager,Piranga erythrocephala
RHWO,Red-headed Woodpecker,Melanerpes erythrocephalus
RLHO,Red-legged Honeycreeper,Cyanerpes cyaneus
RLKI,Red-legged Kittiwake,Rissa brevirostris
RLTH,Red-legged Thrush,Turdus plumbeus
RLPA,Red-lored Parrot,Amazona autumnalis
RNSA,Red-naped Sapsucker,Sphyrapicus nuchalis
RNGR,Red-necked Grebe,Podiceps grisegena
RNPA,Red-necked Parrot,Amazona arausiaca
RNPH,Red-necked Phalarope,Phalaropus lobatus
RNST,Red-necked Stint,Calidris ruficollis
RRWO,Red-rumped Woodpecker,Dryobates kirkii
RSBL,Red-shouldered Blackbird,Agelaius assimilis
RSHA,Red-shouldered Hawk,Buteo lineatus
RTHA,Red-tailed Hawk,Buteo jamaicensis
RTTR,Red-tailed Tropicbird,Phaethon rubricauda
RTAT,Red-throated Ant-Tanager,Habia fuscicauda
RTCA,Red-throated Caracara,Ibycter americanus
RTLO,Red-throated Loon,Gavia stellata
RTPI,Red-throated Pipit,Anthus cervinus
RVBU,Red-vented Bulbul,Pycnonotus cafer
RWBU,Red-whiskered Bulbul,Pycnonotus jocosus
RWBL,Red-winged Blackbird,Agelaius phoeniceus
REEG,Reddish Egret,Egretta rufescens
REDH,Redhead,Aythya americana
REDW,Redwing,Turdus iliacus
REBU,Reed Bunting,Emberiza schoeniclus
REQU,Resplendent Quetzal,Pharomachrus mocinno
RHAU,Rhinoceros Auklet,Cerorhinca monocerata
RIHA,Ridgway's Hawk,Buteo ridgwayi
RIRA,Ridgway's Rail,Rallus obsoletus
RBGU,Ring-billed Gull,Larus delawarensis
RNDU,Ring-necked Duck,Aythya collaris
RNEP,Ring-necked Pheasant,Phasianus colchicus
RTAP,Ring-tailed Pigeon,Patagioenas caribaea
RIKI,Ringed Kingfisher,Megaceryle torquata
RISP,Ringed Storm-Petrel,Hydrobates hornbyi
RIWA,River Warbler,Locustella fluviatilis
RIWR,Riverside Wren,Cantorchilus semibadius
RIHU,Rivoli's Hummingbird,Eugenes fulgens
ROHA,Roadside Hawk,Rupornis magnirostris
ROPI,Rock Pigeon,Columba livia
ROPT,Rock Ptarmigan,Lagopus muta
ROSA,Rock Sandpiper,Calidris ptilocnemis
ROWR,Rock Wren,Salpinctes obsoletus
ROOK,Rook,Corvus frugilegus
RBBU,Rose-bellied Bunting,Passerina rositae
RBGR,Rose-breasted Grosbeak,Pheucticus ludovicianus
RRPA,Rose-ringed Parakeet,Psittacula krameri
RTBE,Rose-throated Becard,Pachyramphus aglaiae
RTTA,Rose-throated Tanager,Piranga roseogularis
ROSP,Roseate Spoonbill,Platalea ajaja
ROST,Roseate Tern,Sterna dougallii
ROGO,Ross's Goose,Anser rossii
ROGU,Ross's Gull,Rhodostethia rosea
ROTT,Rosy Thrush-Tanager,Rhodinocichla rosea
RFLO,Rosy-faced Lovebird,Agapornis roseicollis
RLHA,Rough-legged Hawk,Buteo lagopus
RLTY,Rough-legged Tyrannulet,Phyllomyias burmeisteri
ROFL,Royal Flycatcher,Onychorhynchus coronatus
ROYT,Royal Tern,Thalasseus maximus
RCKI,Ruby-crowned Kinglet,Regulus calendula
RTHU,Ruby-throated Hummingbird,Archilochus colubris
RTOH,Ruby-topaz Hummingbird,Chrysolampis mosquitus
RUCR,Ruddy Crake,Laterallus ruber
RUDU,Ruddy Duck,Oxyura jamaicensis
RUFG,Ruddy Foliage-gleaner,Clibanornis rubiginosus
RGDO,Ruddy Ground Dove,Columbina talpacoti
RUDP,Ruddy Pigeon,Patagioenas subvinacea
RUQD,Ruddy Quail-Dove,Geotrygon montana
RUSH,Ruddy Shelduck,Tadorna ferruginea
RUTR,Ruddy Treerunner,Margarornis rubiginosus
RUTU,Ruddy Turnstone,Arenaria interpres
RUWO,Ruddy Woodcreeper,Dendrocincla homochroa
RBSE,Ruddy-breasted Seedeater,Sporophila minuta
RCNT,Ruddy-capped Nightingale-Thrush,Catharus frantzii
RDTF,Ruddy-tailed Flycatcher,Terenotriccus erythrurus
RTHE,Rufescent Tiger-Heron,Tigrisoma lineatum
RUFF,Ruff,Calidris pugnax
RUGR,Ruffed Grouse,Bonasa umbellus
RUHU,Rufous Hummingbird,Selasphorus rufus
RMOT,Rufous Motmot,Baryphthengus martii
RMOU,Rufous Mourner,Rhytipterna holerythra
RUNI,Rufous Nightjar,Antrostomus rufus
RUFP,Rufous Piha,Lipaugus unirufus
RUSA,Rufous Sabrewing,Campylopterus rufus
RAWW,Rufous-and-white Wren,Thryophilus rufalbus
RBRO,Rufous-backed Robin,Turdus rufopalliatus
RBEC,Rufous-bellied Chachalaca,Ortalis wagleri
RBAN,Rufous-breasted Antthrush,Formicarius rufipectus
RBHE,Rufous-breasted Hermit,Glaucis hirsutus
RBSP,Rufous-breasted Spinetail,Synallaxis erythrothorax
RBSW,Rufous-breasted Wren,Pheugopedius rutilus
RBPE,Rufous-browed Peppershrike,Cyclarhis gujanensis
RBTY,Rufous-browed Tyrannulet,Phylloscartes superciliaris
RBWW,Rufous-browed Wren,Troglodytes rufociliatus
RCBR,Rufous-capped Brushfinch,Atlapetes pileatus
RCWA,Rufous-capped Warbler,Basileuterus rufifrons
RCRO,Rufous-collared Robin,Turdus rufitorques
RCOS,Rufous-collared Sparrow,Zonotrichia capensis
RCRC,Rufous-crested Coquette,Lophornis delattrei
RCSP,Rufous-crowned Sparrow,Aimophila ruficeps
RNAW,Rufous-naped Wren,Campylorhynchus rufinucha
RNWR,Rufous-necked Wood-Rail,Aramides axillaris
RRAN,Rufous-rumped Antwren,Euchrepomis callinota
RFTF,Rufous-tailed Flycatcher,Myiarchus validus
RTAH,Rufous-tailed Hummingbird,Amazilia tzacatl
RTJA,Rufous-tailed Jacamar,Galbula ruficauda
RTRO,Rufous-tailed Robin,Larvivora sibilans
RTSO,Rufous-throated Solitaire,Myadestes genibarbis
RVCH,Rufous-vented Chachalaca,Ortalis ruficauda
RVGC,Rufous-vented Ground-Cuckoo,Neomorphus geoffroyi
RWAN,Rufous-winged Antwren,Herpsilochmus rufimarginatus
RWSP,Rufous-winged Sparrow,Peucaea carpalis
RWTA,Rufous-winged Tanager,Tangara lavinia
RWWO,Rufous-winged Woodpecker,Piculus simplex
RUAN,Russet Antshrike,Thamnistes anabatinus
RUNT,Russet Nightingale-Thrush,Catharus occidentalis
RCMO,Russet-crowned Motmot,Momotus mexicanus
RCQD,Russet-crowned Quail-Dove,Zentrygon goldmani
RSWR,Russet-naped Wood-Rail,Aramides albiventris
RWSC,Russet-winged Schiffornis,Schiffornis stenorhyncha
RUBU,Rustic Bunting,Emberiza rustica
RUBL,Rusty Blackbird,Euphagus carolinus
RUSP,Rusty Sparrow,Aimophila rufescens
RCGS,Rusty-crowned Ground-Sparrow,Melozone kieneri
RMFL,Rusty-margined Flycatcher,Myiozetetes cayanensis
SAGU,Sabine's Gull,Xema sabini
SAFL,Sad Flycatcher,Myiarchus barbirostris
SAFI,Saffron Finch,Sicalis flaveola
SHPA,Saffron-headed Parrot,Pyrilia pyrilia
SATH,Sage Thrasher,Oreoscoptes montanus
SABS,Sagebrush Sparrow,Artemisiospiza nevadensis
SALS,Saltmarsh Sparrow,Ammospiza caudacuta
SAAL,Salvin's Albatross,Thalassarche salvini
SAVI,San Andres Vireo,Vireo caribaeus
SBJA,San Blas Jay,Cyanocorax sanblasianus
SAND,Sanderling,Calidris alba
SACR,Sandhill Crane,Antigone canadensis
SATE,Sandwich Tern,Thalasseus sandvicensis
SAPA,Sapayoa,Sapayoa aenigma
SHTH,Sapphire-throated Hummingbird,Lepidopyga coeruleogularis
SAHA,Savanna Hawk,Buteogallus meridionalis
SAVS,Savannah Sparrow,Passerculus sandwichensis
SAPH,Say's Phoebe,Sayornis saya
SCPT,Scale-crested Pygmy-Tyrant,Lophotriccus pileatus
SCAA,Scaled Antpitta,Grallaria guatimalensis
SCPI,Scaled Pigeon,Patagioenas speciosa
SCQU,Scaled Quail,Callipepla squamata
SBRH,Scaly-breasted Hummingbird,Phaeochroa cuvierii
SBMU,Scaly-breasted Munia,Lonchura punctulata
SBTH,Scaly-breasted Thrasher,Allenia fusca
SCBW,Scaly-breasted Wren,Microcerculus marginatus
SNPI,Scaly-naped Pigeon,Patagioenas squamosa
STFG,Scaly-throated Foliage-gleaner,Anabacerthia variegaticeps
STLE,Scaly-throated Leaftosser,Sclerurus guatemalensis
SCIB,Scarlet Ibis,Eudocimus ruber
SCMA,Scarlet Macaw,Ara macao
SCTA,Scarlet Tanager,Piranga olivacea
SBTA,Scarlet-browed Tanager,Heterospingus xanthopygius
SRCA,Scarlet-rumped Cacique,Cacicus uropygialis
SCRT,Scarlet-rumped Tanager,Ramphocelus passerinii
STDA,Scarlet-thighed Dacnis,Dacnis venusta
SCHU,Scintillant Hummingbird,Selasphorus scintilla
STFL,Scissor-tailed Flycatcher,Tyrannus forficatus
SCOR,Scott's Oriole,Icterus parisorum
SCMU,Scripps's Murrelet,Synthliboramphus scrippsi
SEUP,Scrub Euphonia,Euphonia affinis
SCRG,Scrub Greenlet,Hylophilus flavipes
SESP,Seaside Sparrow,Ammospiza maritima
SEWA,Sedge Warbler,Acrocephalus schoenobaenus
SEWR,Sedge Wren,Cistothorus platensis
SEPL,Semipalmated Plover,Charadrius semipalmatus
SESA,Semipalmated Sandpiper,Calidris pusilla
SEHA,Semiplumbeous Hawk,Leucopternis semiplumbeus
SEMW,Semper's Warbler,Leucopeza semperi
SECF,Sepia-capped Flycatcher,Leptopogon amaurocephalus
SSHA,Sharp-shinned Hawk,Accipiter striatus
STGR,Sharp-tailed Grouse,Tympanuchus phasianellus
SPTS,Sharp-tailed Sandpiper,Calidris acuminata
STST,Sharp-tailed Streamcreeper,Lochmias nematura
SHAR,Sharpbill,Oxyruncus cristatus
SHHO,Shining Honeycreeper,Cyanerpes lucidus
SHCO,Shiny Cowbird,Molothrus bonariensis
SBDO,Short-billed Dowitcher,Limnodromus griseus
SBPI,Short-billed Pigeon,Patagioenas nigrirostris
SCCO,Short-crested Coquette,Lophornis brachylophus
SEOW,Short-eared Owl,Asio flammeus
STAL,Short-tailed Albatross,Phoebastria albatrus
STHA,Short-tailed Hawk,Buteo brachyurus
SHTN,Short-tailed Nighthawk,Lurocalis semitorquatus
STTS,Short-tailed Shearwater,Ardenna tenuirostris
STSW,Short-tailed Swift,Chaetura brachyura
SIAC,Siberian Accentor,Prunella montanella
SBRO,Siberian Blue Robin,Larvivora cyane
SIRU,Siberian Rubythroat,Calliope calliope
SISW,Sick's Swift,Chaetura meridionalis
SMSP,Sierra Madre Sparrow,Xenospiza baileyi
STTA,Silver-throated Tanager,Tangara icterocephala
SFTA,Silvery-fronted Tapaculo,Scytalopus argentifrons
STHJ,Silvery-throated Jay,Cyanolyca argentigula
SICR,Sinaloa Crow,Corvus sinaloae
SIMA,Sinaloa Martin,Progne sinaloae
SIWR,Sinaloa Wren,Thryophilus sinaloa
SIQU,Singing Quail,Dactylortyx thoracicus
SCOG,Slate-colored Grosbeak,Saltator grossus
SCSE,Slate-colored Seedeater,Sporophila schistacea
SCSO,Slate-colored Solitaire,Myadestes unicolor
SHTF,Slate-headed Tody-Flycatcher,Poecilotriccus sylvia
STGN,Slate-throated Gnatcatcher,Polioptila schistaceigula
STRE,Slate-throated Redstart,Myioborus miniatus
SLAN,Slaty Antwren,Myrmotherula schisticolor
SLFI,Slaty Finch,Haplospiza rustica
SLFL,Slaty Flowerpiercer,Diglossa plumbea
SLSP,Slaty Spinetail,Synallaxis brachyura
SLVI,Slaty Vireo,Vireo brevipennis
SBFF,Slaty-backed Forest-Falcon,Micrastur mirandollei
SBGU,Slaty-backed Gull,Larus schistisagus
SBNT,Slaty-backed Nightingale-Thrush,Catharus fuscater
SBTI,Slaty-breasted Tinamou,Crypturellus boucardi
SLCF,Slaty-capped Flycatcher,Leptopogon superciliaris
STTR,Slaty-tailed Trogon,Trogon massena
SWFG,Slaty-winged Foliage-gleaner,Philydor fuscipenne
SLSH,Slender Sheartail,Doricha enicura
SBCU,Slender-billed Curlew,Numenius tenuirostris
SBGR,Slender-billed Grackle,Quiscalus palustris
SBKI,Slender-billed Kite,Helicolestes hamatus
SMEW,Smew,Mergellus albellus
SMLO,Smith's Longspur,Calcarius pictus
SMBW,Smoky-brown Woodpecker,Dryobates fumigatus
SBAN,Smooth-billed Ani,Crotophaga ani
SNKI,Snail Kite,Rostrhamus sociabilis
SNBU,Snow Bunting,Plectrophenax nivalis
SNGO,Snow Goose,Anser caerulescens
SNOC,Snowcap,Microchera albocoronata
SNCO,Snowy Cotinga,Carpodectes nitidus
SNEG,Snowy Egret,Egretta thula
SNOW,Snowy Owl,Bubo scandiacus
SNPL,Snowy Plover,Charadrius nivosus
SBEH,Snowy-bellied Hummingbird,Amazilia edward
SOFL,Social Flycatcher,Myiozetetes similis
SODO,Socorro Dove,Zenaida graysoni
SOMO,Socorro Mockingbird,Mimus graysoni
SOPA,Socorro Parakeet,Psittacara brevipes
SOCW,Socorro Wren,Troglodytes sissonii
SOEA,Solitary Eagle,Buteogallus solitarius
SOSA,Solitary Sandpiper,Tringa solitaria
SOSN,Solitary Snipe,Gallinago solitaria
SOSP,Song Sparrow,Melospiza melodia
SOTH,Song Thrush,Turdus philomelos
SONW,Song Wren,Cyphorhinus phaeocephalus
SOGR,Sooty Grouse,Dendragapus fuliginosus
SOSH,Sooty Shearwater,Ardenna grisea
SOTE,Sooty Tern,Onychoprion fuscatus
SOOT,Sooty Thrush,Turdus nigrescens
SCCH,Sooty-capped Chlorospingus,Chlorospingus pileatus
SFFI,Sooty-faced Finch,Arremon crassirostris
SHTY,Sooty-headed Tyrannulet,Phyllomyias griseiceps
SHWR,Sooty-headed Wren,Pheugopedius spadix
SORA,Sora,Porzana carolina
SPSK,South Polar Skua,Stercorarius maccormicki
SOBT,Southern Beardless-Tyrannulet,Camptostoma obsoletum
SOBE,Southern Bentbill,Oncostoma olivaceum
SOLA,Southern Lapwing,Vanellus chilensis
SOMA,Southern Martin,Progne elegans
SRWS,Southern Rough-winged Swallow,Stelgidopteryx ruficollis
SCHT,Spangle-cheeked Tanager,Tangara dowii
SKTH,Sparkling-tailed Hummingbird,Tilmatura dupontii
SPMO,Speckled Mourner,Laniocera rufescens
SPTA,Speckled Tanager,Ixothraupis guttata
SPEI,Spectacled Eider,Somateria fischeri
SPEO,Spectacled Owl,Pulsatrix perspicillata
SPPA,Spectacled Parrotlet,Forpus conspicillatus
SPTH,Spectacled Thrush,Turdus nudigenis
SFAN,Spiny-faced Antshrike,Xenornis setifrons
SBSA,Spoon-billed Sandpiper,Calidris pygmea
SBOR,Spot-breasted Oriole,Icterus pectoralis
SBWP,Spot-breasted Woodpecker,Colaptes punctigula
SBSW,Spot-breasted Wren,Pheugopedius maculipectus
SPCA,Spot-crowned Antvireo,Dysithamnus puncticeps
SCBA,Spot-crowned Barbet,Capito maculicoronatus
SPCE,Spot-crowned Euphonia,Euphonia imitans
SCRW,Spot-crowned Woodcreeper,Lepidocolaptes affinis
SFSW,Spot-fronted Swift,Cypseloides cherriei
SPTN,Spot-tailed Nightjar,Hydropsalis maculicaudus
SPAN,Spotted Antbird,Hylophylax naevioides
SPBA,Spotted Barbtail,Premnoplex brunnescens
SPCR,Spotted Crake,Porzana porzana
SPDO,Spotted Dove,Streptopelia chinensis
SPFL,Spotted Flycatcher,Muscicapa striata
SPNT,Spotted Nightingale-Thrush,Catharus dryas
SPOW,Spotted Owl,Strix occidentalis
SPRA,Spotted Rail,Pardirallus maculatus
SPRE,Spotted Redshank,Tringa erythropus
SPSA,Spotted Sandpiper,Actitis macularius
SPTO,Spotted Towhee,Pipilo maculatus
SPWQ,Spotted Wood-Quail,Odontophorus guttatus
SPWO,Spotted Woodcreeper,Xiphorhynchus erythropygius
SPWR,Spotted Wren,Campylorhynchus gularis
SPPI,Sprague's Pipit,Anthus spragueii
SPGR,Spruce Grouse,Falcipennis canadensis
SQCU,Squirrel Cuckoo,Piaya cayana
SLBF,St. Lucia Black Finch,Melanospiza richardsoni
SLOR,St. Lucia Oriole,Icterus laudabilis
SLPA,St. Lucia Parrot,Amazona versicolor
SLWA,St. Lucia Warbler,Setophaga delicata
SVPA,St. Vincent Parrot,Amazona guildingii
STPE,Stejneger's Petrel,Pterodroma longirostris
STSC,Stejneger's Scoter,Melanitta stejnegeri
STEI,Steller's Eider,Polysticta stelleri
STJA,Steller's Jay,Cyanocitta stelleri
STSE,Steller's Sea-Eagle,Haliaeetus pelagicus
STSA,Stilt Sandpiper,Calidris himantopus
STOF,Stolid Flycatcher,Myiarchus stolidus
STON,Stonechat,Saxicola torquatus
SGBW,Straight-billed Woodcreeper,Dendroplex picus
SBAO,Streak-backed Oriole,Icterus pustulatus
SBTR,Streak-breasted Treehunter,Thripadectes rufobrunneus
SCHA,Streak-chested Antpitta,Hylopezus perspicillatus
STCA,Streak-crowned Antvireo,Dysithamnus striaticeps
SHWO,Streak-headed Woodcreeper,Lepidocolaptes souleyetii
STRF,Streaked Flycatcher,Myiodynastes maculatus
SSAL,Streaked Saltator,Saltator striatipectus
STRS,Streaked Shearwater,Calonectris leucomelas
STXE,Streaked Xenops,Xenops rutilans
STRM,Streamertail,Trochilus polytmus
STRH,Striated Heron,Butorides striata
STCW,Strickland's Woodpecker,Dryobates stricklandi
SIBW,Stripe-breasted Wren,Cantorchilus thoracicus
SCHW,Stripe-cheeked Woodpecker,Piculus callopterus
SHSP,Stripe-headed Sparrow,Peucaea ruficauda
STHM,Stripe-tailed Hummingbird,Eupherusa eximia
STHR,Stripe-throated Hermit,Phaethornis striigularis
STWR,Stripe-throated Wren,Cantorchilus leucopogon
STCU,Striped Cuckoo,Tapera naevia
STRO,Striped Owl,Pseudoscops clamator
SSPA,Striped Sparrow,Oriturus superciliosus
STPW,Striped Woodhaunter,Automolus subulatus
SNBW,Strong-billed Woodcreeper,Xiphocolaptes promeropirhynchus
SBTS,Stub-tailed Spadebill,Platyrinchus cancrominus
STOW,Stygian Owl,Asio stygius
SBFL,Sulphur-bellied Flycatcher,Myiodynastes luteiventris
SRFL,Sulphur-rumped Flycatcher,Myiobius sulphureipygius
SURT,Sulphur-rumped Tanager,Heterospingus rubrifrons
SWPA,Sulphur-winged Parakeet,Pyrrhura hoffmanni
SUWR,Sumichrast's Wren,Hylorchilus sumichrasti
SUTA,Summer Tanager,Piranga rubra
SUNB,Sunbittern,Eurypyga helias
SUNG,Sungrebe,Heliornis fulica
SUSC,Surf Scoter,Melanitta perspicillata
SURF,Surfbird,Calidris virgata
SWHA,Swainson's Hawk,Buteo swainsoni
SWTH,Swainson's Thrush,Catharus ustulatus
SWWA,Swainson's Warbler,Limnothlypis swainsonii
SWTA,Swallow Tanager,Tersina viridis
STGU,Swallow-tailed Gull,Creagrus furcatus
STKI,Swallow-tailed Kite,Elanoides forficatus
SWSP,Swamp Sparrow,Melospiza georgiana
SSTP,Swinhoe's Storm-Petrel,Hydrobates monorhis
TACH,Tacarcuna Chlorospingus,Chlorospingus tacarcunae
TATA,Tacarcuna Tapaculo,Scytalopus panamensis
TAWA,Tacarcuna Warbler,Basileuterus tacarcunae
TAWQ,Tacarcuna Wood-Quail,Odontophorus dialeucos
TAPE,Tahiti Petrel,Pseudobulweria rostrata
TABG,Taiga Bean-Goose,Anser fabalis
TAFL,Taiga Flycatcher,Ficedula albicilla
TAHU,Talamanca Hummingbird,Eugenes spectabilis
TACR,Tamaulipas Crow,Corvus imparatus
TAPO,Tamaulipas Pygmy-Owl,Glaucidium sanchezi
TBFL,Tawny-breasted Flycatcher,Myiobius villosus
TCEU,Tawny-capped Euphonia,Euphonia anneae
TCFL,Tawny-chested Flycatcher,Aphanotriccus capitalis
TCNI,Tawny-collared Nightjar,Antrostomus salvini
TCTA,Tawny-crested Tanager,Tachyphonus delatrii
TCGR,Tawny-crowned Greenlet,Tunchiornis ochraceiceps
TFGN,Tawny-faced Gnatwren,Microbates cinereiventris
TFQU,Tawny-faced Quail,Rhynchortyx cinctus
TSBL,Tawny-shouldered Blackbird,Agelaius humeralis
TTLE,Tawny-throated Leaftosser,Sclerurus mexicanus
TWWO,Tawny-winged Woodcreeper,Dendrocincla anabatina
TEST,Temminck's Stint,Calidris temminckii
TEWA,Tennessee Warbler,Leiothlypis peregrina
TESA,Terek Sandpiper,Xenus cinereus
TBEU,Thick-billed Euphonia,Euphonia laniirostris
TBKI,Thick-billed Kingbird,Tyrannus crassirostris
TBMU,Thick-billed Murre,Uria lomvia
TBPA,Thick-billed Parrot,Rhynchopsitta pachyrhyncha
TBSF,Thick-billed Seed-Finch,Sporophila funerea
TBVI,Thick-billed Vireo,Vireo crassirostris
TBWA,Thick-billed Warbler,Arundinax aedon
THAN,Thicket Antpitta,Hylopezus dives
THTI,Thicket Tinamou,Crypturellus cinnamomeus
TWBE,Three-wattled Bellbird,Procnias tricarunculatus
TIWR,Timberline Wren,Thryorchilus browni
TIHA,Tiny Hawk,Accipiter superciliosus
TOMO,Tody Motmot,Hylomanes momotula
TBHU,Tooth-billed Hummingbird,Androdon aequatorialis
TOTY,Torrent Tyrannulet,Serpophaga cinerea
TOSH,Townsend's Shearwater,Puffinus auricularis
TOSO,Townsend's Solitaire,Myadestes townsendi
TOSP,Townsend's Storm-Petrel,Hydrobates socorroensis
TOWA,Townsend's Warbler,Setophaga townsendi
TRJA,Transvolcanic Jay,Aphelocoma ultramarina
TRPI,Tree Pipit,Anthus trivialis
TRES,Tree Swallow,Tachycineta bicolor
TRBL,Tricolored Blackbird,Agelaius tricolor
TRHE,Tricolored Heron,Egretta tricolor
TRMU,Tricolored Munia,Lonchura malacca
TRPE,Trindade Petrel,Pterodroma arminjoniana
TRSP,Tristram's Storm-Petrel,Hydrobates tristrami
TRGN,Tropical Gnatcatcher,Polioptila plumbea
TRKI,Tropical Kingbird,Tyrannus melancholicus
TRMO,Tropical Mockingbird,Mimus gilvus
TRPA,Tropical Parula,Setophaga pitiayumi
TROP,Tropical Pewee,Contopus cinereus
TRSO,Tropical Screech-Owl,Megascops choliba
TRUS,Trumpeter Swan,Cygnus buccinator
TUDU,Tufted Duck,Aythya fuligula
TUFL,Tufted Flycatcher,Mitrephanes phaeocercus
TUJA,Tufted Jay,Cyanocorax dickeyi
TUPU,Tufted Puffin,Fratercula cirrhata
TUTI,Tufted Titmouse,Baeolophus bicolor
TUBG,Tundra Bean-Goose,Anser serrirostris
TUSW,Tundra Swan,Cygnus columbianus
TUVU,Turkey Vulture,Cathartes aura
TUCO,Turquoise Cotinga,Cotinga ridgwayi
TBMO,Turquoise-browed Motmot,Eumomota superciliosa
TUQD,Tuxtla Quail-Dove,Zentrygon carrikeri
UAIH,Ula-ai-hawane,Ciridops anna
UNJA,Unicolored Jay,Aphelocoma unicolor
UNIC,Uniform Crake,Amaurolimnas concolor
USWO,Unspotted Saw-whet Owl,Aegolius ridgwayi
UPSA,Upland Sandpiper,Bartramia longicauda
VASE,Variable Seedeater,Sporophila corvina
VABU,Varied Bunting,Passerina versicolor
VASO,Varied Solitaire,Myadestes coloratus
VATH,Varied Thrush,Ixoreus naevius
VAFL,Variegated Flycatcher,Empidonomus varius
VASW,Vaux's Swift,Chaetura vauxi
VEER,Veery,Catharus fuscescens
VESC,Velvet Scoter,Melanitta fusca
VETR,Venezuelan Troupial,Icterus icterus
VEMA,Veraguan Mango,Anthracothorax veraguensis
VERD,Verdin,Auriparus flaviceps
VEFL,Vermilion Flycatcher,Pyrocephalus rubinus
VEHU,Vervain Hummingbird,Mellisuga minima
VESP,Vesper Sparrow,Pooecetes gramineus
VIWE,Village Weaver,Ploceus cucullatus
VIQD,Violaceous Quail-Dove,Geotrygon violacea
VISA,Violet Sabrewing,Campylopterus hemileucurus
VBHU,Violet-bellied Hummingbird,Juliamyia julie
VCAH,Violet-capped Hummingbird,Goldmania violiceps
VCHU,Violet-crowned Hummingbird,Amazilia violiceps
VGSW,Violet-green Swallow,Tachycineta thalassina
VHHU,Violet-headed Hummingbird,Klais guimeti
VIRA,Virginia Rail,Rallus limicola
VIWA,Virginia's Warbler,Leiothlypis virginiae
VIDA,Viridian Dacnis,Dacnis viguieri
VITW,Vitelline Warbler,Setophaga vitellina
VOHU,Volcano Hummingbird,Selasphorus flammula
VOJU,Volcano Junco,Junco vulcani
WAAL,Wandering Albatross,Diomedea exulans
WATA,Wandering Tattler,Tringa incana
WAVI,Warbling Vireo,Vireo gilvus
WAJA,Wattled Jacana,Jacana jacana
WAVA,Waved Albatross,Phoebastria irrorata
WBWO,Wedge-billed Woodcreeper,Glyphorynchus spirurus
WRSP,Wedge-rumped Storm-Petrel,Hydrobates tethys
WTGF,Wedge-tailed Grass-Finch,Emberizoides herbicola
WTSA,Wedge-tailed Sabrewing,Campylopterus curvipennis
WTSH,Wedge-tailed Shearwater,Ardenna pacifica
WIWD,West Indian Whistling-Duck,Dendrocygna arborea
WIWO,West Indian Woodpecker,Melanerpes superciliaris
WMCH,West Mexican Chachalaca,Ortalis poliocephala
WEBL,Western Bluebird,Sialia mexicana
WECT,Western Chat-Tanager,Calyptophilus tertius
WEGR,Western Grebe,Aechmophorus occidentalis
WEGU,Western Gull,Larus occidentalis
WEKI,Western Kingbird,Tyrannus verticalis
WMHA,Western Marsh Harrier,Circus aeruginosus
WEME,Western Meadowlark,Sturnella neglecta
WERH,Western Reef-Heron,Egretta gularis
WESA,Western Sandpiper,Calidris mauri
WESO,Western Screech-Owl,Megascops kennicottii
WESP,Western Spindalis,Spindalis zena
WETA,Western Tanager,Piranga ludoviciana
WEWR,Western Water-Rail,Rallus aquaticus
WEWP,Western Wood-Pewee,Contopus sordidulus
WHIM,Whimbrel,Numenius phaeopus
WHAU,Whiskered Auklet,Aethia pygmaea
WHSO,Whiskered Screech-Owl,Megascops trichopsis
WHST,Whiskered Tern,Chlidonias hybrida
WHHE,Whistling Heron,Syrigma sibilatrix
WHIW,Whistling Warbler,Catharopeza bishopi
WHHA,White Hawk,Pseudastur albicollis
WHIB,White Ibis,Eudocimus albus
WHTT,White Tern,Gygis alba
WHWA,White Wagtail,Motacilla alba
WHTH,White's Thrush,Zoothera aurea
WBEA,White-bellied Antbird,Myrmeciza longipes
WBCH,White-bellied Chachalaca,Ortalis leucogastra
WBEM,White-bellied Emerald,Amazilia candida
WBMG,White-bellied Mountain-gem,Lampornis hemileucus
WBWR,White-bellied Wren,Uropsila leucogastra
WBNU,White-breasted Nuthatch,Sitta carolinensis
WBTH,White-breasted Thrasher,Ramphocinclus brachyurus
WBWW,White-breasted Wood-Wren,Henicorhina leucosticta
WCAL,White-capped Albatross,Thalassarche cauta
WCHP,White-cheeked Pintail,Anas bahamensis
WCPE,White-chinned Petrel,Procellaria aequinoctialis
WCHS,White-chinned Swift,Cypseloides cryptus
WCTH,White-chinned Thrush,Turdus aurantius
WCOM,White-collared Manakin,Manacus candei
WCSW,White-collared Swift,Streptoprocne zonaris
WCCO,White-crested Coquette,Lophornis adorabilis
WCEL,White-crested Elaenia,Elaenia albiceps
WCRM,White-crowned Manakin,Dixiphia pipra
WCPA,White-crowned Parrot,Pionus senilis
WCPI,White-crowned Pigeon,Patagioenas leucocephala
WCSP,White-crowned Sparrow,Zonotrichia leucophrys
WECO,White-eared Conebill,Conirostrum leucogenys
WEGS,White-eared Ground-Sparrow,Melozone leucotis
WEHU,White-eared Hummingbird,Hylocharis leucotis
WETH,White-eyed Thrush,Turdus jamaicensis
WEVI,White-eyed Vireo,Vireo griseus
WFGS,White-faced Ground-Sparrow,Melozone biarcuata
WFIB,White-faced Ibis,Plegadis chihi
WFAQ,White-faced Quail-Dove,Zentrygon albifacies
WFSP,White-faced Storm-Petrel,Pelagodroma marina
WFWD,White-faced Whistling-Duck,Dendrocygna viduata
WFLA,White-flanked Antwren,Myrmotherula axillaris
WFRA,White-fringed Antwren,Formicivora grisea
WFNU,White-fronted Nunbird,Monasa morphoeus
WFPA,White-fronted Parrot,Amazona albifrons
WFRQ,White-fronted Quail-Dove,Geotrygon leucometopia
WFSW,White-fronted Swift,Cypseloides storeri
WHWO,White-headed Woodpecker,Dryobates albolarvatus
WHWR,White-headed Wren,Campylorhynchus albobrunneus
WLTA,White-lined Tanager,Tachyphonus rufus
WLGN,White-lored Gnatcatcher,Polioptila albiloris
WNBR,White-naped Brushfinch,Atlapetes albinucha
WNSW,White-naped Swift,Streptoprocne semicollaris
WNCR,White-necked Crow,Corvus leucognaphalus
WNJA,White-necked Jacobin,Florisuga mellivora
WNPE,White-necked Petrel,Pterodroma cervicalis
WNPU,White-necked Puffbird,Notharchus hyperrhynchus
WRFL,White-ringed Flycatcher,Conopias albovittatus
WRMA,White-ruffed Manakin,Corapipo altera
WRSA,White-rumped Sandpiper,Calidris fuscicollis
WRSH,White-rumped Shama,Copsychus malabaricus
WSTA,White-shouldered Tanager,Tachyphonus luctuosus
WSWO,White-striped Woodcreeper,Lepidocolaptes leucogaster
WTEA,White-tailed Eagle,Haliaeetus albicilla
WTEM,White-tailed Emerald,Elvira chionura
WTHA,White-tailed Hawk,Geranoaetus albicaudatus
WTAH,White-tailed Hummingbird,Eupherusa poliocerca
WTKI,White-tailed Kite,Elanus leucurus
WTNI,White-tailed Nightjar,Hydropsalis cayennensis
WTPT,White-tailed Ptarmigan,Lagopus leucura
WTAT,White-tailed Trogon,Trogon chionurus
WTTR,White-tailed Tropicbird,Phaethon lepturus
WTGS,White-thighed Swallow,Atticora tibialis
WTCR,White-throated Crake,Laterallus albigularis
WTFL,White-throated Flycatcher,Empidonax albigularis
WTJA,White-throated Jay,Cyanolyca mirabilis
WTMJ,White-throated Magpie-Jay,Calocitta formosa
WTMG,White-throated Mountain-gem,Lampornis castaneoventris
WTNE,White-throated Needletail,Hirundapus caudacutus
WTST,White-throated Shrike-Tanager,Lanio leucothorax
WTRS,White-throated Spadebill,Platyrinchus mystaceus
WTSP,White-throated Sparrow,Zonotrichia albicollis
WTSW,White-throated Swift,Aeronautes saxatalis
WTTH,White-throated Thrush,Turdus assimilis
WTTO,White-throated Towhee,Melozone albicollis
WTDO,White-tipped Dove,Leptotila verreauxi
WTSI,White-tipped Sicklebill,Eutoxeres aquila
WVEU,White-vented Euphonia,Euphonia minuta
WVPL,White-vented Plumeleteer,Chalybura buffonii
WWPU,White-whiskered Puffbird,Malacoptila panamensis
WWBE,White-winged Becard,Pachyramphus polychopterus
WWCR,White-winged Crossbill,Loxia leucoptera
WWDO,White-winged Dove,Zenaida asiatica
WWPA,White-winged Parakeet,Brotogeris versicolurus
WWSC,White-winged Scoter,Melanitta deglandi
WWTA,White-winged Tanager,Piranga leucoptera
WWTE,White-winged Tern,Chlidonias leucopterus
WWWA,White-winged Warbler,Xenoligea montana
WHOS,Whooper Swan,Cygnus cygnus
WHCR,Whooping Crane,Grus americana
WHMO,Whooping Motmot,Momotus subrufescens
WITU,Wild Turkey,Meleagris gallopavo
WILL,Willet,Tringa semipalmata
WISA,Williamson's Sapsucker,Sphyrapicus thyroideus
WIFL,Willow Flycatcher,Empidonax traillii
WIPT,Willow Ptarmigan,Lagopus lagopus
WILW,Willow Warbler,Phylloscopus trochilus
WIPH,Wilson's Phalarope,Phalaropus tricolor
WIPL,Wilson's Plover,Charadrius wilsonia
WISN,Wilson's Snipe,Gallinago delicata
WISP,Wilson's Storm-Petrel,Oceanites oceanicus
WIWA,Wilson's Warbler,Cardellina pusilla
WTHH,Wine-throated Hummingbird,Atthis ellioti
WBAA,Wing-banded Antbird,Myrmornis torquata
WIWR,Winter Wren,Troglodytes hiemalis
WODU,Wood Duck,Aix sponsa
WOSA,Wood Sandpiper,Tringa glareola
WOST,Wood Stork,Mycteria americana
WOTH,Wood Thrush,Hylocichla mustelina
WOWA,Wood Warbler,Phylloscopus sibilatrix
WOSJ,Woodhouse's Scrub-Jay,Aphelocoma woodhouseii
WEWA,Worm-eating Warbler,Helmitheros vermivorum
WOSP,Worthen's Sparrow,Spizella wortheni
WRET,Wrenthrush,Zeledonia coronata
WREN,Wrentit,Chamaea fasciata
XAHU,Xantus's Hummingbird,Hylocharis xantusii
YEBI,Yellow Bittern,Ixobrychus sinensis
YEGR,Yellow Grosbeak,Pheucticus chrysopeplus
YERA,Yellow Rail,Coturnicops noveboracensis
YETY,Yellow Tyrannulet,Capsiempis flaveola
YEWA,Yellow Warbler,Setophaga petechia
YBOR,Yellow-backed Oriole,Icterus chrysater
YBTA,Yellow-backed Tanager,Hemithraupis flavicollis
YBEL,Yellow-bellied Elaenia,Elaenia flavogaster
YBFL,Yellow-bellied Flycatcher,Empidonax flaviventris
YBSA,Yellow-bellied Sapsucker,Sphyrapicus varius
YBSE,Yellow-bellied Seedeater,Sporophila nigricollis
YBSI,Yellow-bellied Siskin,Spinus xanthogastrus
YBTY,Yellow-bellied Tyrannulet,Ornithion semiflavum
YBIC,Yellow-billed Cacique,Amblycercus holosericeus
YBCA,Yellow-billed Cardinal,Paroaria capitata
YBCO,Yellow-billed Cotinga,Carpodectes antoniae
YBCU,Yellow-billed Cuckoo,Coccyzus americanus
YBLO,Yellow-billed Loon,Gavia adamsii
YBMA,Yellow-billed Magpie,Pica nuttalli
YBPA,Yellow-billed Parrot,Amazona collaria
YBTE,Yellow-billed Tern,Sternula superciliaris
YBSB,Yellow-breasted Bunting,Emberiza aureola
YBCH,Yellow-breasted Chat,Icteria virens
YBCR,Yellow-breasted Crake,Hapalocrex flaviventer
YBRF,Yellow-breasted Flycatcher,Tolmomyias flaviventris
YBWB,Yellow-browed Bunting,Emberiza chrysophrys
YBSV,Yellow-browed Shrike-Vireo,Vireolanius eximius
YBWA,Yellow-browed Warbler,Phylloscopus inornatus
YCCH,Yellow-collared Chlorophonia,Chlorophonia flavirostris
YCBI,Yellow-crowned Bishop,Euplectes afer
YCEU,Yellow-crowned Euphonia,Euphonia luteicapilla
YCNH,Yellow-crowned Night-Heron,Nyctanassa violacea
YCPA,Yellow-crowned Parrot,Amazona ochrocephala
YCTY,Yellow-crowned Tyrannulet,Tyrannulus elatus
YETO,Yellow-eared Toucanet,Selenidera spectabilis
YEJU,Yellow-eyed Junco,Junco phaeonotus
YFGR,Yellow-faced Grassquit,Tiaris olivaceus
YFGU,Yellow-footed Gull,Larus livens
YFCA,Yellow-fronted Canary,Crithagra mozambica
YGBR,Yellow-green Brushfinch,Atlapetes luteoviridis
YGGR,Yellow-green Grosbeak,Caryothraustes canadensis
YGTY,Yellow-green Tyrannulet,Phylloscartes flavovirens
YGVI,Yellow-green Vireo,Vireo flavoviridis
YHBL,Yellow-headed Blackbird,Xanthocephalus xanthocephalus
YHCA,Yellow-headed Caracara,Milvago chimachima
YHPA,Yellow-headed Parrot,Amazona oratrix
YHWA,Yellow-headed Warbler,Teretistris fernandinae
YHOB,Yellow-hooded Blackbird,Chrysomus icterocephalus
YLGU,Yellow-legged Gull,Larus michahellis
YLPA,Yellow-lored Parrot,Amazona xantholora
YMFL,Yellow-margined Flycatcher,Tolmomyias assimilis
YNPA,Yellow-naped Parrot,Amazona auropalliata
YNAL,Yellow-nosed Albatross,Thalassarche chlororhynchos
YOFL,Yellow-olive Flycatcher,Tolmomyias sulphurescens
YRCA,Yellow-rumped Cacique,Cacicus cela
YRWA,Yellow-rumped Warbler,Setophaga coronata
YSBL,Yellow-shouldered Blackbird,Agelaius xanthomus
YSGR,Yellow-shouldered Grassquit,Loxipasser anoxanthus
YTOR,Yellow-tailed Oriole,Icterus mesomelas
YTBR,Yellow-thighed Brushfinch,Atlapetes tibialis
YTBU,Yellow-throated Bunting,Emberiza elegans
YTCH,Yellow-throated Chlorospingus,Chlorospingus flavigularis
YTEU,Yellow-throated Euphonia,Euphonia hirundinacea
YTTO,Yellow-throated Toucan,Ramphastos ambiguus
YTVI,Yellow-throated Vireo,Vireo flavifrons
YTWA,Yellow-throated Warbler,Setophaga dominica
YWCA,Yellow-winged Cacique,Cassiculus melanicterus
YWTA,Yellow-winged Tanager,Thraupis abbas
YWVI,Yellow-winged Vireo,Vireo carmioli
YEFL,Yellowish Flycatcher,Empidonax flavescens
YEPI,Yellowish Pipit,Anthus lutescens
YUFL,Yucatan Flycatcher,Myiarchus yucatanensis
YUGN,Yucatan Gnatcatcher,Polioptila albiventris
YUJA,Yucatan Jay,Cyanocorax yucatanicus
YUNI,Yucatan Nightjar,Antrostomus badius
YUPO,Yucatan Poorwill,Nyctiphrynus yucatanicus
YUVI,Yucatan Vireo,Vireo magister
YUWO,Yucatan Woodpecker,Melanerpes pygmaeus
YUWR,Yucatan Wren,Campylorhynchus yucatanicus
ZARA,Zapata Rail,Cyanolimnas cerverai
ZASP,Zapata Sparrow,Torreornis inexpectata
ZAWR,Zapata Wren,Ferminia cerverai
ZEBD,Zebra Dove,Geopelia striata
ZEAN,Zeledon's Antbird,Myrmeciza zeledoni
ZEND,Zenaida Dove,Zenaida aurita
ZIPE,Zino's Petrel,Pterodroma madeira
ZTHA,Zone-tailed Hawk,Buteo albonotatus
